Counts,of hosts dublicates when FLD's collected by get_tld on pyhton

10,0-0-0-0-0-0-0-0-0-0-0-0-0-18-0-0-0-0-0-0-0-0-0-0-0-0-0.info
10,000space.com
10,247realmedia.co.kr
10,256bit-ssl-checkout.com
10,2amail.top
10,2leep.com
10,2mdnsys.com
10,34-125-63-178.plesk.page
10,394509.com
10,6600.org
10,a4.tl
10,aa.am
10,ab1n.net
10,ablida.net
10,abmr.net
10,about-tabs.com
10,a-calc.de
10,accio.ai
10,acexedge.com
10,ackng.com
10,ad120m.com
10,ad2games.com
10,adalso.com
10,adbroker.de
10,adbutler.de
10,adc-serv.net
10,addme.com
10,adexit.com
10,adhub.ru
10,adip.ly
10,ad-link.jp
10,ad-lister.co.uk
10,adloox.com
10,admaym.com
10,adotsolution.com
10,adpnut.com
10,adrevservice.com
10,adrunnr.com
10,ads2live.com
10,adsage.cn
10,adscreendirect.com
10,adserver01.de
10,adshuffle.com
10,adsota.com
10,ads-pixiv.net
10,adstanding.com
10,ad-tech.com
10,adtiger.de
10,adtomafusion.net
10,adultsmartlink.ga
10,advplace.com
10,adxvip.com
10,adzones.com
10,afi-b.com
10,agentanalytics.com
10,ahdaaf.org
10,ajaxcdn.org
10,akamaitech.net
10,alexametrics.com
10,amigos.com
10,amplitude.com
10,analytics-egain.com
10,andr.net
10,aonunited.com
10,apester.com
10,apicit.net
10,appsgeyser.com
10,areametrics.com
10,arvixe.com
10,aspservice.jp
10,atatus.com
10,atelierasmeninas.com
10,audionews.fm
10,auditionsuite.com
10,auth-google.site
10,ayboll.com
10,azoogleads.com
10,babator.com
10,background.pt
10,bannerbridge.net
10,bannerspace.com
10,bemobpath.com
10,bemobtracks.com
10,beringmedia.com
10,berush.com
10,bestshopping-voucher.com
10,bigbosspl.site
10,bilsyndication.com
10,bl2ogi-finansowe.xyz
10,blamper.ru
10,blindamorares.com
10,blog-finanse.xyz
10,blogi-zfinansowe.xyz
10,bm324.com
10,bnhtml.com
10,byethost14.com
10,byethost8.com
10,byzoo.org
10,c1exchange.com
10,capitalredf.site
10,ca.tt
10,cellularhealth.technology
10,china.com
10,cleansite.us
10,clickaine.com
10,clickferret.com
10,clickfinders.com
10,clickfuse.com
10,coincheck.com
10,comclick.com
10,comeadvertisewithus.com
10,conceptimagine.ro
10,consensad.com
10,cookiescript.info
10,copperegg.com
10,coremetrics.com
10,coronavirusmythsandfacts.com
10,countby.com
10,covidharsh.com
10,cpmterra.com
10,cprapid.com
10,cracksweb.com
10,crashlytics.com
10,crazywinnings.com
10,crowdynews.com
10,crystalbluesales.com
10,csheaven.com
10,ctmconnect.com
10,cuntwars.com
10,d2c.ne.jp
10,dailymail.co.uk
10,dashet.com
10,datado.me
10,datasphere.com
10,d-bi.fr
10,ddns.ms
10,deliverimp.com
10,dienai.ru
10,disqus.com
10,dmm.com
10,dnr.kz
10,dns1.us
10,doctorpix.com
10,dojomojo.com
10,donreach.com
10,dopa.com
10,dotcomsecrets.com
10,downescorporateservices.com
10,dpmsrv.com
10,drv.tw
10,dupinpu.com
10,easy-ads.com
10,economicoutlook.net
10,e-generator.com
10,elegance.bg
10,enc-tech.com
10,espmp-nifr.net
10,etrality.com
10,exi8ef83z9.com
10,exmarketplace.com
10,eyeota.net
10,f321y.com
10,f9.co.uk
10,faibl.org
10,fastnewbiecash.com
10,fast-thinking.co.uk
10,feraciumus.com
10,fessmegilscha.info
10,fileburst.com
10,finansowy-blog.xyz
10,find-ip-address.org
10,firrectly.top
10,flixsyndication.net
10,flonto.com
10,flymyads.com
10,fodlkf9d1p.com
10,forbes.com
10,free-counter.co.uk
10,freehost.pl
10,freeskreen.com
10,fr.gd
10,front.ru
10,fwt0.com
10,gameads.io
10,gclick.cn
10,g-content.bid
10,getgiftcards.org
10,giftether.top
10,gigcount.com
10,gingerandcoblog.com
10,glasgro.com
10,globo.com
10,glossom.jp
10,gnway.net
10,goldspotmedia.com
10,gostats.ru
10,gqqdlckj8y.com
10,greatarcadehits.com
10,grupodemarca.com
10,gtavfreemoney.co
10,gxwztv.com
10,h12-media.com
10,hagebakken.no
10,he7ll.com
10,health-line.me
10,heima8.com
10,helltraffic.com
10,hihanin.com
10,hindustanfiltech.com
10,hoptopboy.com
10,hostfleek.com
10,hotplugins.com
10,hxy21jc-p.cn
10,hybridrastamama.com
10,hyperadx.com
10,i2iserv.com
10,ia-planet.com
10,iaudienc.com
10,iciba.com
10,id-43895.me
10,ifincloud.in
10,ijrah.top
10,income88.com
10,inewcontentdelivery.info
10,innity.net
10,intuit.com
10,iqdata.ai
10,irs01.com
10,ivertiipolska.com.pl
10,ixigua.com
10,jelikob.ru
10,juicer.cc
10,kantartns.lt
10,kiwihk.net
10,kovo.vn
10,kuaishou.com
10,labtop.pe
10,lamusa.com.au
10,lefora.com
10,linezing.com
10,linkwi.se
10,linuxuatwebspiders.com
10,livejournal.com
10,livestat.com
10,lnstagram-email.cf
10,logcounter.com
10,luxury-products.biz
10,lws-hosting.com
10,m3bnqqqw.com
10,magnetadservices.com
10,mairuan.com
10,marketo.net
10,maxthon.com
10,media-guides.de
10,media-servers.net
10,mediclan.ru
10,microadinc.com
10,minecrunch.co
10,minemail.in
10,minkatu.com
10,mkt6333.com
10,mobaders.com
10,mobgi.com
10,morgdm.ru
10,mowieprawde.life
10,mql5.com
10,mts.ru
10,murdoog.com
10,my03.com
10,mycleanpc.com
10,mycpvlife.com
10,myjizztube.com
10,mynumber.org
10,nanda.vn
10,natero.com
10,nativclick.com
10,natpal.com
10,net46.net
10,netcommunities.com
10,netmining.com
10,newnovads.com
10,nicequest.com
10,nichost.ru
10,ns01.info
10,nsatc.net
10,nuconomy.com
10,octopuspop.com
10,ogt.jp
10,ondu.ru
10,onelnk.com
10,onetag-sys.com
10,onfluencer.net
10,onlinehome.us
10,onthenetas.com
10,opmnstr.com
10,org-help.com
10,oui.sncf
10,pagefair.com
10,pagesense.io
10,pangolin-sdk-toutiao.com
10,pastie.org
10,paycounter.com
10,payeermine.com
10,pconline.com.cn
10,pdns.cz
10,peel.com
10,peer39.net
10,peraltek.com
10,persona.ly
10,pexi.nl
10,pfxlive.com
10,pgs.io
10,piaads.com
10,piclick.kr
10,pixnet.net
10,platinumfilms.co.uk
10,plugerr.com
10,podpisz-petycje.eu
10,polska24-dostawa24.shop
10,popupmaker.com
10,popupme.net
10,popupplus.ir
10,popuptraffic.com
10,pozvonim.com
10,profit-partner.ru
10,prosperent.com
10,proxydns.com
10,qqhelper.com
10,radiosportiva.com
10,ragnortheblue.com
10,rampmetrics.com
10,rb-net.com
10,realwap.net
10,recreativ.ru
10,reminews.com
10,restartad.com
10,revenue.com
10,revenuecpmnetwork.com
10,reyden-x.com
10,rightmedia.com
10,roirocket.com
10,runcpa.com
10,rutube.com
10,s24hc8xzag.com
10,s4y-web.de
10,safe-cart.store
10,salemdreamhomes.com
10,schibsted.com
10,seeip.org
10,segmentapis.com
10,service-verification.site
10,sewardweb.com
10,sinaimg.cn
10,siom.ac.cn
10,skottles.com
10,sldov.ru
10,slimspots.com
10,softbank.jp
10,spyaxe.com
10,spyfalcon.com
10,srvmath.com
10,ssacdn.com
10,stankomprom.site
10,stats4you.com
10,strs.jp
10,tagmngrs.com
10,takezoo.com
10,talkingdata.net
10,tdmd.us
10,teamrtb.net
10,techgms.com
10,teknikcammarket.com
10,telegraph.co.uk
10,thewhizproducts.com
10,thisistap.com
10,thyrsi.com
10,tinarom.ro
10,tollfreeforwarding.com
10,topqualitylink.com
10,trafficmanager.net
10,trafficstandard.com
10,travelscream.com
10,trekdata.com
10,trk4.com
10,tsyndicate.com
10,ttoc8ok.com
10,tuccus.com
10,tvpage.com
10,twinpinenetwork.com
10,ucarelektronik.com.tr
10,ucoz.net
10,uglyas.com
10,uk.ht
10,unblockyoutuber.com
10,upsight-api.com
10,uralweb.ru
10,user-api.com
10,uzzf.com
10,vdna-assets.com
10,veeva.com
10,vermeer-oomens.nl
10,vicp.hk
10,videojj.com
10,videostat.com
10,vip-titan-gel.online
10,visibli.com
10,visioncriticalpanels.com
10,vlitag.com
10,wafatrust.com.pk
10,wasu.tv
10,webeyez.com
10,webflow.io
10,webmining.co
10,websearch.com
10,websiteseguro.com
10,webunder.ru
10,webydo.com
10,wfmobile.info
10,wikmostwantedxc.pl
10,winsysdev.com
10,w-m-w.net
10,wsds.cn
10,xclaimwords.net
10,xdirectx.com
10,xu5ctufltn.com
10,xz6d.com
10,yaoyl.com
10,ye185hcamw.com
10,yeukydrant.com
10,yx-ads6.com
10,zarabotki.ru
10,zdn.vn
10,zetaglobal.com
10,zxy.me
11,1017.cn
11,123date.me
11,21sexturycash.com
11,365media.com
11,3d0cb547.space
11,3ddown.com
11,3gmimo.com
11,41gw.com
11,5sercher.biz
11,7search.com
11,8live.com
11,9wee.com
11,a2ip.ru
11,accesstrade.in.th
11,adalizer.com
11,adatrix.com
11,adclixx.net
11,adfinix.com
11,adfonic.net
11,adinte.jp
11,admedo.com
11,ad.net
11,adnet-plus.com
11,adonweb.ru
11,adprofy.com
11,ad-serverparc.nl
11,adsfast.com
11,adsoptimal.com
11,adsplus.vn
11,adstage.io
11,ad-tizer.net
11,adtrafficjam.com
11,adurr.com
11,advertlink.ru
11,advertwizard.com
11,adworx.at
11,adxmi.com
11,adxpremium.services
11,adxpub.com
11,afrigrowth.org
11,agilemeasure.com
11,aiclicash.com
11,aiservice.vn
11,alimama.cn
11,allfontshere.press
11,a-msedge.net
11,andase.com
11,antiblock.info
11,armi.media
11,atomhike.com
11,atspace.com
11,atylia-deco.fr
11,audience2media.com
11,authorizeddns.org
11,authorizeddns.us
11,badspads.com
11,baixing.com
11,bannerout.com
11,bayimob.com
11,bd4travel.com
11,beanstalkdata.com
11,belowto.com
11,bereallylongblue.icu
11,best2018games.com
11,bestdealfor1.life
11,bid.run
11,bigmir.net
11,blogfa.com
11,bloghotro.com
11,bloke.com
11,bluehost.com
11,bnserving.com
11,brightcom.com
11,brightfunnel.com
11,brightinfo.com
11,brokerbabe.com
11,btnibbler.com
11,buildtraffic.com
11,byethost17.com
11,capitalnoster.site
11,captify.co.uk
11,cashburners.com
11,cashmyvisit.com
11,caspion.com
11,cdn-pak.net
11,ceramicasouzatex.com
11,cetrk.com
11,cheekybanners.com
11,china-netwave.com
11,ciuvo.com
11,cleanfile.org
11,clickening.com
11,clickexperts.net
11,clickguard.com
11,clickpapa.com
11,cloudappconfig.com
11,comcastbusiness.net
11,company-target.com
11,condenastdigital.com
11,contactmonkey.com
11,cpex.cz
11,crossandgarlic.com
11,cryptonoter.com
11,cryptotab.net
11,cyacc.com
11,ddns.com.br
11,depozituldegeneratoare.ro
11,dgmatix.com
11,dh956.com
11,diamondtraff.com
11,digitalnames.net
11,divyapushti.org
11,dnsrd.com
11,do.am
11,dochase.com
11,dogeminers.com
11,dogexfast.com
11,doorblog.jp
11,douglassstevens.com
11,dynainbox.com
11,elephantdata.net
11,enoughts.info
11,eorezo.com
11,epicgamecheats.com
11,espncdn.shop
11,eu5.org
11,euro-clic.com
11,eurodialer.com
11,everestads.net
11,experthealth.com
11,facebook1mob.com
11,fhserve.com
11,filetarget.net
11,flashx.cc
11,fortvision.com
11,freelancershijan.com
11,freestats.ws
11,frequiry.com
11,ftvcash.com
11,fuligrs.cn
11,fun2cell.net
11,fwbntw.com
11,gacraft.jp
11,gaug.es
11,geolocation-db.com
11,getintent.com
11,getsmartcontent.com
11,gitv.tv
11,globalhacks.org
11,go8news.biz
11,goodadvert.ru
11,gopetrom.com
11,go.ro
11,gostats.org
11,got-game.org
11,grejt.pl
11,gunggo.com
11,hashto.cash
11,hexcan.com
11,hiconversion.com
11,himediads.com
11,hoelscher1.com
11,hoster-test.ru
11,hubpd.com
11,hulu.com
11,hybrid.ru
11,hyperpromote.com
11,iap5u1rbety6vifaxsi9vovnc9jjay2l.com
11,ieplugin.com
11,imgsniper.com
11,indexww.com
11,inethoster.org
11,infoprodata.com
11,infostore.org
11,interclick.com
11,inviziads.com
11,iogous.com
11,ipinyou.com.cn
11,ispot.cc
11,itracker360.com
11,jiehunmishu.com
11,jimdo.com
11,jivox.com
11,jps.ru
11,kkcaicai.com
11,ksosoft.com
11,ktxtr.com
11,kuwo.cn
11,ladsblue.com
11,lcads.ru
11,leadback.ru
11,leadsius.com
11,leafmedia.io
11,link2me.ru
11,load13.biz
11,load20.biz
11,load22.biz
11,loginhood.io
11,loopme.me
11,lsfinteractive.com
11,lucky88.net
11,luxup2.ru
11,luxupadva.com
11,luxupcdnb.com
11,lzclient.com
11,lzjl.com
11,makingdomes.com
11,meconnect.org
11,media-active.ru
11,media-match.com
11,meibu.net
11,metaps.net
11,metricool.com
11,minerclaim.net
11,mineweb.in
11,mixplugin.com
11,mng-ads.com
11,mobilizr.com
11,mobioffers.ru
11,mobshark.net
11,modernus.is
11,moneyandmarkets.com
11,moneyhome.biz
11,moonify.io
11,motigo.com
11,moviecash.ru
11,mppmnetwork.com
11,mrslove.com
11,myftpupload.com
11,myornamenti.com
11,mypagestats.online
11,nba.com
11,nearbyad.com
11,netapp.com
11,netdna-ssl.com
11,news-back.org
11,newsinform.net
11,nhlavuteloholdings.co.za
11,nimiq.watch
11,nitropay.com
11,noblock.pro
11,nowlooking.net
11,oix.com
11,olduvsen.cz
11,opbeingop.com
11,oracleinfinity.io
11,osiaffiliate.com
11,owebmoney.ru
11,parisvoyeur.com
11,pebblemedia.be
11,pffw8mgd.com
11,pgssl.com
11,phluant.com
11,phoenixads.co.in
11,phorm.com
11,plerdy.com
11,populisengage.com
11,porntrack.com
11,ppoi.org
11,proadscdn.com
11,proext.com
11,programattik.com
11,provesrc.com
11,pubdream.com
11,publicgood.com
11,pubplus.com
11,punkdns.pw
11,putrr15.com
11,qfind.net
11,qmkr7isp3o.com
11,raacts.in
11,rate.ru
11,refer.ru
11,refinedads.com
11,resonance.pk
11,revenuenetwork.com
11,r-tb.com
11,rtbiq.com
11,rumahweb.org
11,runative.com
11,sakura-traffic.com
11,samba.tv
11,savvyads.com
11,searchalot.com
11,searchfun.in
11,securityupdateserver-1.com
11,semiocast.com
11,servconfig.com
11,shoppingminds.net
11,signaturesafari.com
11,snapchat.com
11,snmi.cn
11,socssite.ru
11,software-phile.com
11,spinbox.net
11,sportradar.com
11,spotsniper.ru
11,spottt.com
11,sskzlabs.com
11,standby.org
11,startnow.com
11,statistichegratis.net
11,stat-rock.com
11,stjbg.ru
11,switchads.com
11,t3lyem.info
11,t3nlink.com
11,tagular.com
11,tamedia.com.tw
11,targeterra.info
11,teasers.ru
11,tovery.net
11,tracking202.com
11,trackmytarget.com
11,trade360.com
11,transactionale.com
11,truecash.com
11,tsbluebox.com
11,tv69.com
11,tx2.ru
11,typekit.net
11,ubertags.com
11,unblckd.bet
11,unimhk.com
11,uniquecaptcha.com
11,untirta.ac.id
11,vidileak.com
11,virtual-nights.com
11,visistat.com
11,vprza.com
11,w88club.com
11,walmart.com
11,watchingthat.com
11,web.de
11,weblium.site
11,weborama.io
11,webserviceaward.com
11,webwise.com
11,webwise.net
11,whizzco.com
11,winadx.com
11,wmlink.ru
11,woniu.com
11,wordego.com
11,wufoo.com
11,wwclickserv.club
11,xi.to
11,xn.pl
11,xxxl-cash.net
11,xywdvhd.com
11,yieldkit.com
11,ymtracking.com
11,yoocafe.com
11,yoyi.tv
11,ytdownloader.com
11,yupfiles.net
11,zcoup.com
11,zzbaowen.com
12,103092804.com
12,1hwy.com
12,1mono.biz
12,1music-online.me
12,1phads.com
12,1sercher.biz
12,1video-online.me
12,24hstatic.com
12,2blogi-zfinansowe.xyz
12,2giga.link
12,2mono.biz
12,2solo.biz
12,3solo.biz
12,4mono.biz
12,6mono.biz
12,6sc.co
12,6solo.biz
12,7mono.biz
12,97sky.cn
12,9hz.com
12,about.com
12,acquisio.com
12,adbn.ru
12,adclear.de
12,adcrowd.com
12,addynamo.net
12,adinplay.com
12,adkmob.com
12,adlook.me
12,adsdk.com
12,adserver.mobi
12,adsparc.net
12,adsushi.de
12,adtimaserver.vn
12,adtima.vn
12,affiliatelounge.com
12,affiliation.software
12,affiz.net
12,airdns.org
12,akavita.com
12,alimama.com
12,almostmy.com
12,ambientplatform.vn
12,ameba.jp
12,angelldesign.co.uk
12,aosdelivery.com
12,aplus.net
12,appconsent.io
12,appintop.com
12,apps.co.pl
12,awstaticdn.net
12,baburn.com
12,bannerboo.com
12,basenews7.com
12,bayramoglugrup.net
12,bearclod.com
12,benefitsdepot.net
12,bfast.com
12,bigmobileads.com
12,bireye-ozel-basvur-destek-kampanya.xyz
12,blahdns.com
12,blog-finansowe.xyz
12,blogi-finansowe.xyz
12,blogujer-teraz.xyz
12,bloguje-teraz8w.xyz
12,bloguje-teraz.eu
12,blueseed.tv
12,bo4news.biz
12,braintb.com
12,brznetwork.com
12,c13a856f4a879a89e9a638207efd6c94.biz
12,cacafly.net
12,cafe24.com
12,carmanial.com
12,cauly.co.kr
12,cdnasiaclub.com
12,cdnrl.com
12,central-messages.com
12,championmachinery-cn.com
12,channelvn.net
12,chip.de
12,chueca.com
12,citricbenz.website
12,citrio.com
12,clan.su
12,classifieds1000.com
12,cliqz.com
12,clustrmaps.com
12,cntdy.mobi
12,coin-hive.com
12,construsouzaconstrucoes.com
12,conversionfly.com
12,cool4mob.com
12,c.pl
12,cpmrevenuenetwork.com
12,creafi-online-media.com
12,cryptobara.com
12,csgoblock.com
12,databerries.com
12,dianomioffers.co.uk
12,didit.com
12,direction-x.com
12,dnsabr.com
12,doceree.com
12,dolcissimo.be
12,download-app.net
12,drsnsrch.com
12,duowan.com
12,early-birds.fr
12,ebdr3.com
12,ecpms.net
12,effad.ru
12,egyetemunk.com
12,elementsbrowser.com
12,elitegamershub.com
12,email-match.com
12,esellerate.net
12,exelate.com
12,express-news.me
12,fatchilli.media
12,filesusr.com
12,firebase.com
12,flygame.io
12,freenew.net
12,freewheel.com
12,fres-news.com
12,gamesoxalic.com
12,geobytes.com
12,getpublica.com
12,glopart.ru
12,gls.is
12,goprediction.com
12,gorselpanel.com
12,greendolarbag.com
12,group-ib.ru
12,gyro-n.com
12,h5v.eu
12,hack2day.com
12,hao61.net
12,hira-meki.jp
12,hit-parade.com
12,https443.net
12,hubvisor.io
12,id-3489.me
12,id-3842.me
12,id-43980.me
12,id-9431.me
12,iesnare.com
12,ig0nr8hhhb.com
12,inistrack.net
12,instructure.com
12,interakt.ru
12,interia.pl
12,intermarkets.net
12,iset.ro
12,jiankongbao.com
12,kampyle.com
12,kilu.de
12,kingrenovations.com.au
12,kinobot.pw
12,kinohd.pw
12,kinohot.pw
12,kmspico10.com
12,kontextua.com
12,koowo.com
12,krypt.com
12,kuwii.space
12,lead.im
12,leadin.com
12,leakbay.net
12,learnstrong.org
12,letro.jp
12,lexozfldkklgvc.com
12,lflink.com
12,load00.biz
12,load05.biz
12,load06.biz
12,load11.biz
12,load24.biz
12,load26.biz
12,load28.biz
12,load2.biz
12,load8.biz
12,lumitos.com
12,luxupcdna.com
12,lypn.net
12,maessocrsi.com
12,magnetic.com
12,marketscore.com
12,marsflag.com
12,mawaqaademo18.com
12,mdotlabs.com
12,megasliv.com
12,metadsp.co.uk
12,minerjet.com
12,mixtraff.com
12,mmnneo.com
12,mmotraffic.com
12,mobilda.com
12,mol11.biz
12,mol14.biz
12,mol16.biz
12,mol19.biz
12,mol5.biz
12,mol7.biz
12,mol9.biz
12,mono3.biz
12,mono4.biz
12,mono6.biz
12,mono7.biz
12,mono9.biz
12,motorolasolutions.com
12,mousestats.com
12,mparticle.com
12,mpau.biz
12,mpay69.biz
12,msads.net
12,msns.cn
12,mspaceads.com
12,m-t.io
12,mtqys.com
12,mydiscussion.net
12,my-free.website
12,mynativeads.com
12,nate.com
12,native.ai
12,ner-de-mi-nis-6.info
12,net02.biz
12,net04.biz
12,net07.biz
12,net09.biz
12,net12.biz
12,net13.biz
12,net-filter.com
12,newaprads.com
12,news13.biz
12,news17.biz
12,new-year-packages.com
12,nextmillennium.io
12,nextyourcontent.com
12,nile.works
12,nmrodam.com
12,ocxxx.com
12,odoscope.cloud
12,onion.nu
12,ophan.co.uk
12,optad360.com
12,o-r.kr
12,osdn.com
12,otaserve.net
12,otclick-adv.ru
12,ownoffferta.casa
12,oxcash.com
12,pacificpoker.com
12,passas.us
12,paydemic.com
12,people-group.su
12,pepperjam.com
12,permato.com
12,pg.com
12,pictela.net
12,pornsponsors.com
12,premiumads.com.br
12,prepaiddomain.de
12,prfct.co
12,pulpix.com
12,qiyi.com
12,qualityporn.biz
12,ravelin.net
12,ravm.tv
12,readserver.net
12,relap.io
12,revcatch.com
12,revenuemantra.com
12,rpket.pro
12,ruimz.com
12,rx-medical.com
12,sagetrc.com
12,sbz.vn
12,sd3.pw
12,sdo.com
12,secureintl.com
12,securitytrfx.com
12,seedr.com
12,segment.com
12,seitwert.de
12,sellpoint.net
12,semiramis-asbl.org
12,servicetick.com
12,severoindustrial.com
12,sexystat.com
12,shopalyst.com
12,sitebeat.site
12,sitestats.com
12,sk.ht
12,smartclip-services.com
12,smileycentral.com
12,smotrim.pw
12,smrtlnks.com
12,soclosebutyetqq.com
12,solo84.biz
12,startappexchange.com
12,stylesforless.com
12,surfearner.com
12,sweetpacks.com
12,swfstats.com
12,synergyscience.com
12,sysomos.com
12,tathamservice.com
12,tbccint.com
12,temelio.com
12,theglobeandmail.com
12,theseoffersforyou.com
12,thinktarget.com
12,thisisitsqq.com
12,thrixxx.com
12,thumblogger.com
12,thursailso.com
12,tiankongzudui.com
12,tibsystems.com
12,tingyun.com
12,tmmp.io
12,tokovio.com
12,top10sites.com
12,totemcash.com
12,tracelytics.com
12,trackpush.com
12,traffic2bitcoin.com
12,triggit.com
12,ttnrd.com
12,tumabeni.com
12,twltter.gq
12,ueuo.com
12,ukr-strah.com
12,undip.ac.id
12,unja.ac.id
12,updog.co
12,user-clicks.com
12,utraff.com
12,uzone.id
12,veeseo.com
12,videobase.club
12,viglink.com
12,viighj.com
12,virtuagirl.com
12,vishou.net
12,visitweb.com
12,voodoo-ads.io
12,vzzylo.com
12,warboardplace.com
12,webeden.co.uk
12,webminerpool.com
12,websnest.com
12,webstat.com
12,webwise.org
12,wooboo.com.cn
12,xiyouence.com
12,yandex.com.tr
12,yellowblue.io
12,yellowsquarebooks.com
12,youboranqs02.com
12,zeobit.com
12,zergnet.com
12,znaptag.com
12,zumobi.com
12,z-videos.fun
13,01net.com
13,1apps.com
13,1drv.com
13,1x.biz
13,50bang.org
13,51edm.net
13,51.la
13,69v.club
13,7offers.ru
13,a2dfp.net
13,acxiom-online.com
13,adbean.ru
13,adbooth.com
13,adclickafrica.com
13,adcy.net
13,adgatemedia.com
13,adhunter.media
13,adincube.com
13,adindex.de
13,adkengage.com
13,adklick.de
13,adlink.de
13,adlure.net
13,admeta.com
13,ad-plus.cn
13,ads360.com
13,adsolut.in
13,adstudio.cloud
13,adtriba.com
13,advanseads.com
13,advertarium.com.ua
13,adviad.com
13,affec.tv
13,agcguide.com
13,allalla.com
13,alleliteads.com
13,allow.support
13,alooma.com
13,analyticson.com
13,angelltennis.co.uk
13,annengdl.com
13,appcelerator.com
13,appjiagu.com
13,aud3g.com
13,audiens.com
13,azure.com
13,badskies.com
13,bidfluence.com
13,bigmining.com
13,bitstarz.com
13,bittraffic.io
13,bl0uxepb4o.com
13,blurelizer.com
13,bonzai.ad
13,bos.ru
13,botscanner.com
13,bpath.com
13,brightmountainmedia.com
13,bro4.biz
13,browserr.top
13,btrll.com
13,bugsnag.com
13,c1.biz
13,callibri.ru
13,chartbeat.com
13,cinemaden.com
13,clickintext.com
13,clickjump.biz
13,clicklinkredirect.com
13,clickpush.biz
13,coefficy.com
13,coinsup.com
13,colossusssp.com
13,content-ad.net
13,coralogix.com
13,dazhantai.com
13,debbiewilliamsrecordings.com
13,deepmetrix.com
13,device9.com
13,dizzcloud.com
13,dns-look-up.com
13,dotaki.com
13,drivsnfosproduits.info
13,dx.am
13,easymarketcrs.it
13,eclickz.com
13,eegookiz.com
13,ehealthcaresolutions.com
13,ejurzsax.com
13,eqads.com
13,erosvillage.com
13,evidon.com
13,e-webtrack.net
13,expecto.me
13,explorads.com
13,fanclub.rocks
13,flnet.org
13,flywheelsites.com
13,formalyzer.com
13,freecoolhost.com
13,free-counters.co.uk
13,frost-electric-supply.com
13,g5e.com
13,gameloft.com
13,gemius.hu
13,getback.ch
13,gglx.me
13,globus-inter.com
13,goguardian.com
13,goo.ne.jp
13,greystripe.com
13,hackandcheats.org
13,hardasses.com
13,hibids10.com
13,hilltopads.net
13,hismarttv.com
13,hosttech.eu
13,hubrus.com
13,i2idata.com
13,igexin.com
13,iloacmoam.com
13,imixserver.com
13,immo-reseau.com
13,indemandads.com
13,intel.com
13,interactiveads.ai
13,isasecret.com
13,iteratehq.com
13,itgear.jp
13,journaldunet.com
13,kissr.com
13,krasota.ru
13,kt5850pjz0.com
13,ladsdown.com
13,layer-ads.de
13,leadbi.com
13,leaptrade.com
13,levexis.com
13,lightversionhotel.com
13,linkstorm.net
13,livenetlife.com
13,livesurf.ru
13,loginfra.com
13,m0mentum.net
13,madserving.com
13,madsone.com
13,magna.ru
13,masterweb.id
13,mbga.jp
13,mcontigo.com
13,media8.cn
13,minexmr.stream
13,mobimagic.com
13,motdgd.com
13,motionspots.com
13,my3gb.com
13,myad.cn
13,mystagingwebsite.com
13,myz.info
13,netau.net
13,networkplay.in
13,news19.biz
13,newsatads.com
13,nonotro.name
13,nonstoppartner.de
13,nr-data.net
13,nrich.ai
13,ocry.com
13,odysseus-nua.com
13,oix.net
13,onedmp.com
13,ongsono.com
13,openxt.cn
13,orangeads.fr
13,pages05.net
13,payclick.it
13,pebx.pl
13,persiangig.com
13,phathookups.com
13,pi-dns.com
13,pingdom.net
13,piximedia.com
13,pointillist.com
13,porntracker.com
13,powerlinks.com
13,pravoved.org
13,ptp24.com
13,pub-fit.com
13,pussysaga.com
13,reachforce.com
13,reactx.com
13,readto.ru
13,reciteme.com
13,revenuedirect.com
13,rivrai.com
13,rocketyield.com
13,roimaster.site
13,rr.com
13,rtbsuperhub.com
13,sageanalyst.net
13,search123.com
13,searchteria.co.jp
13,sellebrity.com
13,sexidude.com
13,shacsda.name
13,shrinktheweb.com
13,sloi1.com
13,social-cheats.com
13,spamblockerutility.com
13,spot.im
13,streamen.com
13,strefa.pl
13,studynerdz.com
13,synergy-e.com
13,tagsrvcs.com
13,taplytics.com
13,tapnative.com
13,td563.com
13,theagency.com
13,thethaofb88.com
13,tonyzone.com
13,topernews.me
13,topflownews.com
13,toplist.cz
13,topprofitablecpm.com
13,topupload.ru
13,tracot.com
13,tradeleads.su
13,trafiz.net
13,tr.gg
13,trix.net
13,trktnc.com
13,trumpia.com
13,tyroo.com
13,u2m.ru
13,ucraft.me
13,utbidet-ugeas.biz
13,validclick.com
13,vertismedia.co.uk
13,viadata.store
13,visits.lt
13,vmet.ro
13,volument.com
13,vppgamingnetwork.com
13,vrtcal.com
13,w2c.ru
13,watch-video.net
13,web-boosting.net
13,webvisor.com
13,whservidor.com
13,win888b.com
13,wm-panel.com
13,xg4ken.com
13,xp3.biz
13,xrea.com
13,yesmessenger.com
13,yobee.it
13,yourtrap.com
13,zdbb.net
13,znews-live.com
13,ztgame.com
13,zvideo-live.com
13,zxxds.net
14,0-0-0-0-0-0-0-0-0-0-0-0-0-33-0-0-0-0-0-0-0-0-0-0-0-0-0.info
14,01counter.com
14,37wan.com
14,69xiu.com
14,abnad.net
14,acuityads.com
14,ad20.net
14,adabra.com
14,ad-balancer.at
14,adbutler.com
14,adhost.se
14,adicate.com
14,adinterax.com
14,adj.st
14,admantx.com
14,adopexchange.com
14,adpredictive.com
14,adrcdn.com
14,adsfac.eu
14,adsk2.co
14,adslot.com
14,adsrevenue.net
14,adtomafusion.com
14,advertur.ru
14,advsnx.net
14,akamaiedge.net
14,allfreecounter.com
14,almosafer.com
14,altrk.net
14,amazontutoringcenter.com
14,anstrex.com
14,atspace.us
14,att.com
14,autoid.com
14,b3z29k1uxb.com
14,badshades.com
14,bango.com
14,bcloudhost.com
14,behindcorona.com
14,bellsyscdn.com
14,bestfreecounterstat.com
14,bidvertiser.com
14,bitmedia.io
14,bl6ogi-finansowe.xyz
14,bluecava.com
14,bouncex.com
14,byethost11.com
14,byethost31.com
14,c0m.li
14,callfire.com
14,capital-prg5.site
14,casulodigital.com
14,cfapps.io
14,clienteacc.online
14,cloudwp.io
14,cnn.com
14,codefund.app
14,comxa.com
14,contadorvisitasgratis.com
14,contatoreaccessi.com
14,convrse.media
14,cpmgatenetwork.com
14,createyourfuture.org.uk
14,cr-nielsen.com
14,czweb.org
14,ddns.us
14,deep.bi
14,deployads.com
14,de-sicherheitszentrumcheck.ml
14,dgafgadsgkjg.top
14,didtheyreadit.com
14,diiz.site
14,ea.com
14,ebay.com
14,emfrequency.com
14,essaycoupons.com
14,evadavdsp.pro
14,exactdrive.com
14,extremereach.io
14,findology.com
14,freecounter.ovh
14,freecounterstat.ovh
14,freedownloadsoft.net
14,freehostia.com
14,freetcp.com
14,freewebsites.com
14,friendfinder.com
14,gamecity.net
14,gamesrevenue.com
14,geniusdisplay.com
14,glt.pl
14,gmads.net
14,grupocitytel.mx
14,hpplay.cn
14,hwqwwrh.com.cn
14,hyperlinksecure.com
14,iberostar.com
14,id-9843.me
14,idealadvertising.net
14,ieybfs7j447b.org.cn
14,infra.systems
14,inmotionhosting.com
14,inner-active.com
14,inspectlet.com
14,instanthq.com
14,invoiceholderqq.com
14,iol.io
14,iplogger.com
14,ivwbox.de
14,jointreport-switch.com
14,kutsatsa.com
14,lenovomm.com
14,libstat.com
14,lucidmedia.com
14,lycos.com
14,lytics.io
14,m1-shop.ru
14,machieved.com
14,marketengines.com
14,martiniadnetwork.com
14,mcafee.com
14,mediatraffic.com
14,meizu.com
14,metrix.ir
14,mfs.gg
14,moengage.com
14,mrbonus.com
14,mycpanel.rs
14,naturalsoap.com.au
14,nedstatbasic.net
14,netbroadcaster.com
14,newjulads.com
14,newmayads.com
14,nfwebminer.com
14,niematego.tk
14,notify-service.com
14,ns-u629df.shop
14,ntlab.org
14,nytimes.com
14,offerstrack.net
14,onesafe-software.com
14,orbitcycle.com
14,oronsuuts.com
14,outerinfo.com
14,owncube.com
14,padsbrown.com
14,pagesperso-orange.fr
14,parrable.com
14,parse.ly
14,pay-click.ru
14,pc20160301.com
14,phenixcustomers.co.uk
14,pinballpublishernetwork.com
14,plavid.com
14,pocketoption.com
14,polluxnetwork.com
14,pomagaj-my.pl
14,predictiveresponse.net
14,primosearch.com
14,pubgenius.io
14,pubguru.com
14,pulseinsights.com
14,qnotice.com
14,rcovid19.it
14,rdtcdn.com
14,renren.com
14,reson8.com
14,richmediastudio.com
14,rimainstalacoes.com
14,rocks.io
14,rockyou.net
14,roeye.com
14,rubyfortune.com
14,sarikiz.net
14,seopult.ru
14,siftscience.com
14,sitebro.net
14,snip.to
14,solicita.info
14,spacash.com
14,sprintrade.com
14,statcounterfree.com
14,stat.ovh
14,steelhouse.com
14,steepto.com
14,storage.googleapis.com
14,strpjmp.com
14,superweb.ws
14,system-ns.org
14,tailsweep.com
14,techtricksworld.com
14,tenping.kr
14,theadex.com
14,thermofisher.com
14,thesocialsexnetwork.com
14,thewhizmarketing.com
14,torrent.pw
14,track-server-100.com
14,traffic-media.co.uk
14,tunnl.com
14,turbo.site
14,tut.by
14,tweakbit.com
14,u21drwj6mp.com
14,u5e.com
14,ucoz.pl
14,udmserve.net
14,unifiedlayer.com
14,upscore.com
14,userdive.com
14,visilabs.net
14,vpico.com
14,vtracy.de
14,webz.cz
14,wheredoyoucomefrom.ovh
14,wloguje-teraz.xyz
14,xhamster.com
14,ximalaya.com
14,xxxtoolbar.com
14,yieldpass.com
14,yunshipei.com
14,zantainet.com
14,zarget.com
14,zebestof.com
14,zeerat.com
14,zestardshop.com
14,zhidian3g.cn
15,0gctp5ht.top
15,247media.com
15,aarki.com
15,a-cast.jp
15,ad4mat.de
15,adbrite.com
15,addfreestats.com
15,addwish.com
15,adfirmative.com
15,ad-flow.com
15,adhslx.com
15,ad-indicator.com
15,ad-locus.com
15,admagnet.net
15,admeme.net
15,adnetwork.vn
15,adpone.com
15,adultplex.com
15,adups.com
15,advmusic.net
15,affiliate-b.com
15,affili.net
15,aid-ad.jp
15,amap.com
15,amavalet.com
15,amxdt.com
15,ascend.ai
15,audiencerun.com
15,audiencesquare.com
15,australilocoealed.com
15,autohome.com.cn
15,azalead.com
15,b2c.com
15,bcvc.mobi
15,bestcpmnetwork.com
15,broadstreetads.com
15,bumq.com
15,byethost4.com
15,cabanova.com
15,callreports.com
15,cashfiesta.com
15,celebrus.com
15,chitika.com
15,clevergirlscollective.com
15,cleversite.ru
15,coldcertainchannel.com
15,conad.com
15,concert.io
15,condordosaires.com
15,content.ad
15,converge-digital.com
15,cpxinteractive.com
15,crispwireless.com
15,customerlabs.co
15,dataxpand.com
15,denakop.com
15,digimedia.com
15,digitru.st
15,directwebsearch.net
15,dojomojo.ninja
15,dpclk.com
15,dsp.wtf
15,dynamicyield.com
15,earnify.com
15,easywbdesign.com
15,eimg.com
15,emediate.dk
15,exitbee.com
15,ez-touch.net
15,faceb00kk.ml
15,fcs.ovh
15,firewallsupports.com
15,fkref.com
15,fr.am
15,freecounterstat.com
15,ftiscali.it
15,galaxiemedia.fr
15,gdvplanet.com
15,geistm.com
15,ggxt.net
15,gm-it.consulting
15,gogameportal.com
15,gourmetads.com
15,hmstats.com
15,hotmail.ru
15,hpyrdr.com
15,huminfakt.ru
15,ib-ibi.com
15,ibryte.com
15,ign.com
15,ilyonanalytics.herokuapp.com
15,imprvdosrv.com
15,imzog.com
15,iqm.com
15,jamdomn.pro
15,joins.com
15,jtle0.cn
15,kau.li
15,kctag.net
15,kimia.es
15,kupona.de
15,leadbolt.net
15,leadzupc.com
15,lescarles.com
15,linux-dude.net
15,m4n.nl
15,microad-cn.com
15,mobiads.ru
15,mouse-meter.com
15,mxapis.com
15,mymyxmra.ru
15,mynsystems.com
15,mystats.nl
15,nbrtrack.com
15,netease.com
15,nowspots.com
15,onlinedownloads.org
15,opecloud.com
15,outpersonals.com
15,paydotcom.com
15,performancerevenues.com
15,privacy4browsers.com
15,program3.com
15,prooffactor.com
15,pub.network
15,qaykb.com
15,r4nwdude.com
15,ramsalt.com
15,reachmax.cn
15,regiedepub.com
15,rhombusads.com
15,rtxplatform.com
15,rztrkr.com
15,samsungads.com
15,semasio.net
15,sexer.com
15,sexhit.com
15,sexsearch.com
15,sfr.net
15,shareaholic.com
15,showcasead.com
15,site44.com
15,sitelabweb.com
15,smartconvert.co
15,snappea.com
15,socvip9.club
15,spylog.ru
15,stake7.com
15,starwave.com
15,stroeerdigitalmedia.de
15,sub2tech.com
15,szm.com
15,tagcdn.com
15,tclclouds.com
15,td573.com
15,tda.io
15,temporary.link
15,tercept.com
15,terratraf.com
15,toggle.com
15,tongqing2015.com
15,top4top.io
15,topcities.com
15,topcpmnetwork.com
15,u595sebqih.com
15,ucoz.ro
15,ultraweb.hu
15,unity.com
15,validcheats.com
15,vinnicrystal.com
15,voiceofman.com
15,vpptechnologies.com
15,w3hoster.de
15,web1337.net
15,webmailer.de
15,websponsors.com
15,williamhill.com
15,wisepops.com
15,worldfilia.net
15,wo.tc
15,www1.biz
15,xaxis.com
15,xf.cz
15,xxx.com
15,yomedia.vn
15,yr9n47004g.com
15,zadn.vn
15,zaloapp.com
15,zdworks.com
15,zucks.net
16,00go.com
16,101com.com
16,140proof.com
16,40nuggets.com
16,5b6b7b.ru
16,a2hosted.com
16,adaptiveads.com
16,admulti.com
16,adnium.com
16,adrta.com
16,adserverpub.com
16,adservingfactory.com
16,adsparc.com
16,adspro.it
16,adstuna.com
16,adtplatform.com
16,advertica-cdn.com
16,adverti.io
16,afsanalytics.com
16,amazingcounters.com
16,amghais.cn
16,and.co.uk
16,appclick.co
16,appcpi.net
16,appme.ru
16,attracta.com
16,badsbads.com
16,baofeng.net
16,bcebos.com
16,bcfads.com
16,beemray.com
16,belnk.com
16,bizographics.com
16,bizzclick.com
16,bloguje-zteraz.xyz
16,blueconic.net
16,byethost9.com
16,capitalforetof.site
16,caroda.io
16,center.io
16,compress.to
16,co.nr
16,dcmn.io
16,deepchannel.com
16,dmzgames.com
16,dpypzvjarj.com
16,duba.net
16,eilahcha.cc
16,ek1.pl
16,erne.co
16,everyone.net
16,factual.com
16,faxporn.com
16,financialmarketsworld.com
16,focas.jp
16,galetto.com.ar
16,genieessp.jp
16,gravyanalytics.com
16,herokudns.com
16,hgub2polye.com
16,hockeyapp.net
16,host.sk
16,improvely.com
16,interworksmedia.co.kr
16,intextad.net
16,jsrdn.com
16,jungleheart.com
16,kaprila.com
16,kbzdxt.com
16,kcpro.ga
16,kiip.me
16,kingwam.com
16,ladycash.ru
16,linkedin.com
16,linkexchange.com
16,luxupcdnc.com
16,madcpms.com
16,measured.com
16,mediaforce.com
16,medialand.ru
16,medianewsonline.com
16,mediaplazza.com
16,meibu.com
16,monadplug.com
16,mutinyhq.com
16,n2s.co.kr
16,nataltip.xyz
16,neostrada.pl
16,networkbench.com
16,newdomain.center
16,newoctads.com
16,nowinteract.com
16,octavius.rocks
16,onedumb.com
16,one.ru
16,oniad.com
16,orge.pl
16,ourhobby.com
16,pixfuture.com
16,playstream.media
16,pltrade-prog3.site
16,profliste.com
16,prometalfunilaria.com
16,putrr14.com
16,q1media.com
16,qualityhealth.com
16,qualtrics.com
16,r66net.com
16,radiate.com
16,readpeak.com
16,redfastlabs.com
16,refban.com
16,relappro.com
16,relestar.com
16,revenue.net
16,rollad.ru
16,rqtrk.eu
16,rtbsystem.com
16,rxdcore.biz
16,ryushare.com
16,s20dh7e9dh.com
16,s2sterra.com
16,salmonads.com
16,scoldly.com
16,seedr.ru
16,sellclassics.com
16,semi-cod.com
16,sexinyourcity.com
16,sharecash.org
16,shopperreports.com
16,showroomlogic.com
16,sieujnx.cloud
16,simpleanalytics.io
16,simpleviewinc.com
16,site50.net
16,site88.net
16,sitecompass.com
16,skyactivate.com
16,skyway.capital
16,statt-collect.herokuapp.com
16,sunmaker.com
16,suntimes.com
16,sweetim.com
16,swelen.com
16,tactilews.com
16,tagcade.com
16,tajawal.com
16,tapstream.com
16,tdcoincore.org
16,thats.im
16,theadx.com
16,thehun.net
16,tianjimedia.com
16,tilda.ws
16,tjq.com
16,toprevenuenetwork.com
16,toythieves.com
16,tracdelight.io
16,trackset.com
16,trackuity.com
16,traffim.com
16,ubar-pro.ru
16,ucoz.co.uk
16,uksexdate.club
16,ulcraft.com
16,upasiansex.com
16,update-your-pc.info
16,upsellit.com
16,urbanairship.com
16,vliplatform.com
16,vnet.cn
16,vntsm.com
16,webd.pl
16,webminepool.com
16,web-stat.com
16,wellmov.com
16,whitesaas.com
16,wolterskluwer.com
16,wzdzht7am5.com
16,yicha.jp
16,yourfuckbook.com
16,zaptop.org
16,zhilingshidai.com
16,zloguje-teraz.xyz
16,zodiakactive.com
17,24smi.info
17,4dex.io
17,77tracking.com
17,8ox.cn
17,9966.org
17,adcocktail.com
17,adfurikun.jp
17,aditic.net
17,adnami.io
17,adoptim.com
17,adpopcorn.com
17,adrecord.com
17,adrsp.net
17,adtrue24.com
17,adviator.com
17,adwidgets.ru
17,adziff.com
17,adzmedia.com
17,agkn.com
17,anondns.net
17,atspace.biz
17,augur.io
17,autodengi.com
17,avazu.net
17,awin.com
17,baiduccdn1.com
17,bdimg.com
17,bidgear.com
17,billboard.cz
17,bitballoon.com
17,boomads.com
17,boyacentury.cn
17,brcdn.com
17,browge.com
17,bunchbox.co
17,ccscserver.com
17,chitika.net
17,cleverads.vn
17,clickalyzer.com
17,coccoc.com
17,codemylife.info
17,cointraffic.io
17,contaboserver.net
17,contema.ru
17,contentinsights.com
17,contextads.live
17,conversionlogic.net
17,coolpage.biz
17,cpalock.com
17,c-rings.net
17,cuebiq.com
17,datacoral.io
17,datropy.com
17,dtxngr.com
17,eltex.co.jp
17,emetriq.de
17,etr.im
17,ezdownloadpro.info
17,facebook.com
17,fast-hunter.com
17,flashx.co
17,gamevance.com
17,gammae.com
17,genesismedia.com
17,gentags.net
17,getenjoyment.net
17,googleadultseo.com
17,headlines.pw
17,heapanalytics.com
17,heatmap.it
17,hottracker.biz
17,iklanumum.com
17,imgfarm.com
17,inmobicdn.com
17,ipredictive.com
17,isnssdk.com
17,joomla.com
17,keywordsconnect.com
17,kickfire.com
17,kiosked.com
17,korrelate.net
17,kost.tv
17,leadboltads.net
17,linkconnector.com
17,live.com
17,logaholic.com
17,lrcs.info
17,lzio.com
17,mi.com
17,mining711.com
17,mobpowertech.com
17,mypinpointe.com
17,naked.com
17,nastydollars.com
17,nativex.com
17,netne.net
17,nimpool.io
17,ninebox.cn
17,ntvk1.ru
17,nucleodequalificacao.com
17,oblivki.biz
17,odoscope.com
17,oteam.io
17,otelix.biz
17,ourtablets.com
17,ownpage.fr
17,pagechoice.net
17,pixelinteractivemedia.com
17,playtem.com
17,porno.pl
17,pplive.com
17,predicta.net
17,profitablecpmnetwork.com
17,protocolospemail.com
17,pvd.to
17,qoijertneio.com
17,r3u8.com
17,rampanel.com
17,reactor.cc
17,realcastmedia.com
17,remintrex.com
17,rmgserving.com
17,rtb-media.me
17,rvty.net
17,rwjfs.com
17,scanguard.com
17,sersh.com
17,sexcounter.com
17,spyoff.com
17,stormiq.com
17,t35.com
17,taskanalytics.com
17,tczzzlwpss.com
17,toh.info
17,touchclarity.com
17,trernitalia.it
17,ujian.cc
17,unikrn.com
17,vendexo.com
17,webterren.com
17,wishabi.com
17,xplosion.de
17,yandex.net
17,yesup.com
17,ygto.com
17,youbora.com
17,zol.com.cn
18,2makestorage.com
18,2parale.ro
18,2performant.com
18,4irc.com
18,56.com
18,96.lt
18,actisens.com
18,adapex.io
18,adfactor.nl
18,adformdsp.net
18,admatrix.jp
18,admtpmp127.com
18,adoric.com
18,adprimemedia.com
18,adresult.jp
18,adrevolver.com
18,adservme.com
18,adslivecorp.com
18,adtrue.com
18,adups.cn
18,adview.cn
18,aknacehbarat.ac.id
18,amazon.com
18,amillionads.com
18,amung.us
18,applifier.com
18,arcadeweb.com
18,aserverstats.com
18,atspace.cc
18,audiencemanager.de
18,axiatraders.com
18,babylon-x.com
18,beaconstreetservices.com
18,beboo.ru
18,bidtheatre.com
18,bongacash.com
18,bouncepilot.com
18,btyou.com
18,bubblesmedia.ru
18,byethost7.com
18,c4tw.net
18,cdnwidget.com
18,chushoushijian.cn
18,conyak.com
18,cpmrocket.com
18,croea.com
18,cryptobrowser.site
18,datadoghq.com
18,delta-search.com
18,digitalkites.com
18,districtm.ca
18,dns-cloud.net
18,domainsponsor.com
18,doubleclick.com
18,eimg.jp
18,etiplasti.com
18,ezthemes.com
18,fajr.com
18,fastapi.net
18,filebulldog.com
18,findmedia.biz
18,geoedge.be
18,gorillanation.com
18,govmetric.com
18,grandenglish.com
18,haizhangs.com
18,hcg82f2b.com
18,hexun.com
18,hldns.ru
18,iappleblog.net
18,imiclk.com
18,impactradius-go.com
18,impresionesweb.com
18,internetdocss.com
18,iredirect.net
18,jetpackdigital.com
18,kejet.net
18,kwnq4hg2n9.com
18,lavanetwork.net
18,lenzmx.com
18,lexity.com
18,lifestreet.com
18,lightboxcdn.com
18,linkfeed.ru
18,llnwd.net
18,mediastinct.com
18,mercent.com
18,metrilo.com
18,mmedia.com
18,mobrand.net
18,muxa.cc
18,mylftv.com
18,myspace.com
18,nativerent.ru
18,net16.net
18,net23.net
18,netflame.cc
18,netvigie.com
18,opten.hu
18,parafia-krzymow.pl
18,pbstck.com
18,personaclick.com
18,petrolhub.pl
18,pornogoogle.info
18,prestadsng.com
18,proof-x.com
18,prtc.net
18,publicus.com
18,qhigh.com
18,qlook.net
18,realtracking.ninja
18,realvu.net
18,repybblica.it
18,satismeter.com
18,scanscout.com
18,sendsmtp.com
18,sibulla.com
18,smileplz.com
18,sometrics.com
18,spylocked.com
18,spywarequake.com
18,stat.pl
18,test-hf.su
18,textsrv.com
18,timeweb.ru
18,totalh.net
18,tracking-genesisaffiliates.com
18,trafficfabrik.com
18,trafficgate.net
18,trafficz.com
18,trkclk.net
18,upltv.com
18,useproof.com
18,utorrent.com
18,verifizierenonline.gdn
18,virgul.com
18,wapx.cn
18,wbtrk.net
18,weibo.com
18,wigetmedia.com
18,wiredminds.de
18,xdrig.com
18,xtendmedia.com
18,yessearches.com
18,yovoads.com
18,zeropark.com
18,zyr.su
19,10001mb.com
19,1001-sovet.com
19,2no.co
19,activeboard.com
19,adgrx.com
19,admin-mcas-gov.ms
19,adonnews.com
19,adrolays.de
19,adtech-digital.ru
19,advertisingbox.com
19,adways.com
19,affilae.com
19,appadhoc.com
19,asiafriendfinder.com
19,atspace.org
19,avast.com
19,bdash-cloud.com
19,bizo.com
19,blueadvertise.com
19,braincash.com
19,branch.io
19,cas.ms
19,cinarra.com
19,clarity.ms
19,comli.com
19,comlu.com
19,crowdskout.com
19,decideinteractive.com
19,demdex.com
19,digitalpush.org
19,djaxadserver.com
19,doglobal.net
19,dynssl.com
19,emailind.com
19,emodoinc.com
19,estream.to
19,exelbid.com
19,exitintel.com
19,fixel.ai
19,freeforums.org
19,fugetech.com
19,gammaplatform.com
19,geovisite.ovh
19,get-cracked.com
19,getpushmonkey.com
19,hasmobi.net
19,headcustomtennis.com
19,indiatimes.com
19,isthereanybodyqq.com
19,jumpingcrab.com
19,kovla.com
19,laninesolution.com
19,mautic.com
19,mediafuse.com
19,mediageneral.com
19,mintegral.com
19,modaatevoce.com
19,mozilla.org
19,mybluemix.net
19,nativendo.de
19,nichetoplist.com
19,nimiq.agency
19,oddcast.com
19,offeroptimizer.com
19,oldrrb.bid
19,omgpm.com
19,onecount.net
19,onet.pl
19,outbrain.org
19,phee1oci.com
19,popads.net
19,publy.net
19,pussl41.com
19,pweaatek.com
19,realclever.com
19,rediff.com
19,reiseeget.com
19,rhythmxchange.com
19,sapo.pt
19,sbcglobal.net
19,sbcpower.com
19,semalt.com
19,senddroid.com
19,shinystat.it
19,shopathome.com
19,shopimind.com
19,silvercash.com
19,siteencore.com
19,sla.org
19,smartology.co
19,smtp.ru
19,s-onetag.com
19,spotify.com
19,strikeiron.com
19,sumome.com
19,sv2.biz
19,taggify.net
19,talk2none.com
19,tattepush.com
19,td553.com
19,teodrus.com
19,textra.me
19,thubanconsultants.com
19,tipster.space
19,tomshardware.com
19,trendmd.com
19,tudown.com
19,twittercounter.com
19,uk.to
19,v-56.com
19,variti.net
19,videoplaza.tv
19,vidtoe.com
19,virusburst.com
19,vizvaz.com
19,webads.nl
19,whoisvisiting.com
19,wootric.com
19,wsod.com
19,wt-safetag.com
19,wz.cz
19,xiaomi.net
19,yip.su
19,youxiaoad.com
20,114la.com
20,1stok.com
20,2345.cn
20,2fa-sec.com
20,360in.com
20,3r1kwxcd.top
20,55labs.com
20,5p.pl
20,6ub9kwj.com
20,7porn.ru
20,accelia.net
20,accengage.com
20,ad4mat.com
20,adasiaholdings.com
20,adecn.com
20,adnigma.com
20,adohana.com
20,adplus.co.id
20,adright.co
20,adsfactor.net
20,adten.eu
20,adventurefeeds.com
20,adview.com
20,advolution.de
20,adwolf.ru
20,ahadns.net
20,alwqfajh.com
20,a-mo.net
20,az.pl
20,belboon.de
20,calls.net
20,cfolks.pl
20,cityads.ru
20,cjb.net
20,clickcertain.com
20,clickz.com
20,commandersact.com
20,conative.de
20,connextra.com
20,connexxa.it
20,cpmstar.com
20,cxa.de
20,datafeedfile.com
20,dns05.com
20,dt07.net
20,ebayrtm.com
20,eboundservices.com
20,falkag.net
20,filesforgames.com
20,freeasphost.net
20,freetzi.com
20,g22rbb7.com
20,gaconnector.com
20,gamerbutler.com
20,gazzretta.it
20,hadarone.com
20,hohosearch.com
20,hopfeed.com
20,hostcontent.live
20,huya.com
20,idtargeting.com
20,implix.com
20,indicative.com
20,integral-marketing.com
20,intenthq.com
20,jiguang.cn
20,kacwyb.pl
20,kxcdn.com
20,linkwithin.com
20,localmediabuying.com
20,logsss.com
20,loopme.com
20,maio.jp
20,mawaqaademo3.com
20,mcboo.com
20,mclick.mobi
20,mediacategory.com
20,mediasmart.io
20,mediatoday.ru
20,mehmetkucukgoz.com
20,mobilegamestats.com
20,mtburn.com
20,myartsonline.com
20,my-board.org
20,neocities.org
20,netmonitor.fi
20,nimiqpool.com
20,nvidia.com
20,omettoequipamentos.com
20,opera.com
20,optimus-cash.com
20,pisem.net
20,polarmobile.com
20,popcash.net
20,popunder.net
20,primead.jp
20,proper.io
20,publicidad.net
20,publift.com
20,pulleymarketing.com
20,pureleads.com
20,purpleflag.net
20,putrr16.com
20,qsrch.com
20,quant.jp
20,rawasy.com
20,realytics.io
20,sam4m.com
20,samsung.com
20,searchwho.com
20,selcdn.ru
20,sellpoints.com
20,serv-ac.com
20,serveusers.com
20,sexlist.com
20,shoelace.com
20,skyglue.com
20,solvusoft.com
20,somee.com
20,specificclick.net
20,ssl443.org
20,steelhousemedia.com
20,tenjin.io
20,trackonomics.net
20,traffic.ru
20,usnewssite.com
20,valuead.com
20,vidto.me
20,vivoglobal.com
20,voiceads.cn
20,worthhummer.net
20,x-lift.jp
20,yieldlab.net
20,yieldlove.com
20,yim3eyv5.top
20,zeronaught.com
20,zhudiaosz.com
21,2faverify.com
21,360safe.com
21,7hor9gul4s.com
21,7m.pl
21,8s32e590un.com
21,aavalue.com
21,acloudvideos.com
21,addynamo.com
21,adintend.com
21,adlink.net
21,admanage.com
21,adpia.vn
21,adrizer.com
21,advanbusiness.com
21,advertnative.com
21,adxadserv.com
21,aidata.io
21,alibabadns.com
21,allyes.com
21,anquanzhuomian.com
21,anymad.com
21,asianmedia.com
21,auditude.com
21,binomo.com
21,botman.ninja
21,byteoversea.com
21,cedato.com
21,cnndaily.com
21,com.nu
21,connectif.cloud
21,conviva.com
21,cookingluck.com
21,cxpublic.com
21,dacash.com
21,dataforce.net
21,ddns.info
21,dimml.io
21,directprimal.com
21,dotmetrics.net
21,edwardk.info
21,e-goi.com
21,ensighten.com
21,epac.to
21,hatagashira.com
21,host4c.com
21,hunantv.com
21,hyperbanner.net
21,id-safety.co
21,improvedigital.com
21,jetos.com
21,jobsadvanced.com
21,join4free.com
21,klangoo.com
21,leadzutw.com
21,lemmatechnologies.com
21,matomy.com
21,maxbounty.com
21,mojn.com
21,movcpm.com
21,mypressonline.com
21,narod.ru
21,navigator.io
21,neustar.biz
21,newtueads.com
21,notmining.org
21,oblyapp.com
21,oktopost.com
21,onlinesucces.nl
21,optimahub.com
21,outster.com
21,pagecount.com
21,phoenix-widget.com
21,pixanalytics.com
21,postrelease.com
21,props.id
21,prudsys-rde.de
21,pubstack.io
21,pxi.pub
21,redirect.com
21,rlcdn.com
21,scupio.com
21,sessioncam.com
21,smartclick.net
21,smilewanted.com
21,snoobi.com
21,speakol.com
21,sponsormob.com
21,taboolasyndication.com
21,tanx.com
21,tns-counter.ru
21,topprofitablegate.com
21,traffichunt.com
21,trafflow.com
21,trafmag.com
21,trendemon.com
21,uod2quk646.com
21,upgradenow24.com
21,useriq.com
21,viboom.com
21,vipmerchantclub.com
21,visitorqueue.com
21,vlion.cn
21,vwo.com
21,walmeric.com
21,wifi-hacker.org
21,yemonisoni.com
21,yieldlove-ad-serving.net
21,youramigo.com
21,y-track.com
21,zz.mu
22,246546.com
22,36500.com
22,42web.io
22,86a6b542l7.com
22,acxiomapac.com
22,ad1.ru
22,adamatic.co
22,ad-cloud.jp
22,adinch.com
22,adinfinitum.in
22,admin5.com
22,adnet.de
22,adreach.co
22,adsbro.com
22,ad-score.com
22,adspruce.com
22,ad-survey.com
22,adtlgc.com
22,adxcel-ec2.com
22,alibaba.com
22,ambient-platform.com
22,anquan.org
22,aoldaily.com
22,awecr.com
22,bango.net
22,beparaspr.com
22,bestrevenuenetwork.com
22,betterinstaller.com
22,bitclub.network
22,bizx.info
22,blamads.com
22,blok.link
22,borec.cz
22,browsermine.com
22,bugherd.com
22,camsoda.com
22,cfts1tifqr.com
22,chartbeat.net
22,chuzushijian.cn
22,clickadilla.com
22,clickzzs.nl
22,com.com
22,consumable.com
22,datatrics.com
22,droppages.com
22,elitedollars.com
22,emailies.com
22,friendsearch.com
22,frontegg.com
22,giraff.io
22,globalwebindex.net
22,histats.com
22,hoo1luha.com
22,htmlpasta.com
22,inpwrd.com
22,intnotif.club
22,isiolo.go.ke
22,leadformix.com
22,leadplace.fr
22,livesession.io
22,lndata.com
22,logly.co.jp
22,luckyducknet.com
22,m32.media
22,madisonlogic.com
22,mafe.edu.co
22,medialytics.com
22,navdmp.com
22,nl.am
22,novaon.asia
22,novaonx.com
22,ns1p.net
22,onmypc.org
22,o-s.io
22,pcpitstop.com
22,polyad.net
22,popt.in
22,pptv.com
22,prebid.org
22,ptengine.com
22,q0zsp5e3dv.com
22,responsiveads.com
22,revimedia.com
22,rocketfuel.com
22,rqmob.com
22,rtb123.com
22,ruu-dee.com
22,sakura.ne.jp
22,sfr.fr
22,smartadtags.com
22,socy.es
22,sogoucdn.com
22,sophang8.com
22,speedbit.com
22,sportsinteraction.com
22,startappnetwork.com
22,stat24.com
22,stempora.com
22,tabmo.io
22,trafficbass.com
22,trafficshop.com
22,trilogyed.com
22,turboadv.com
22,uproar.com
22,vihub.ru
22,vm5apis.com
22,w55c.net
22,xxxwebtraffic.com
22,yume.com
23,2go7v1nes8.com
23,2iiyrxk0.com
23,3animalsex.com
23,5visions.com
23,8866.org
23,99lnk.com
23,abbp1.pw
23,acs86.com
23,ad4989.co.kr
23,ad-center.com
23,adcentriconline.com
23,adclerks.com
23,addshoppers.com
23,adscale.de
23,adservd.com
23,adskeeper.com
23,adsplay.net
23,adtiming.com
23,adtrace.org
23,adup-tech.com
23,advideo.ru
23,albacross.com
23,aleinvest.xyz
23,alicdn.com
23,ameritech.net
23,angellrackets.co.uk
23,aol.com
23,appbrain.com
23,axdsz.pro
23,bg6s0.com
23,blasters.biz
23,bluelithium.com
23,boxmode.io
23,brilliantcollector.com
23,cnt.my
23,combotag.com
23,cootlogix.com
23,ctnsnet.com
23,de17a.com
23,debitcrebit669.com
23,digital-metric.com
23,dlcodes.com
23,dsfiurb-u.shop
23,dyntrk.com
23,estat.com
23,etracker.com
23,etrigue.com
23,gnezdo.ru
23,hookuptoday4.com
23,hostingsiteforfree.com
23,ikwb.com
23,imrk.net
23,keyrun.com
23,klontrek.org
23,koddi.com
23,ku6.com
23,leadboxer.com
23,leadmanagerfx.com
23,leanplum.com
23,leiki.com
23,likesyou.org
23,littlematchagirl.com.au
23,longmusic.com
23,mediatek.com
23,mixh.jp
23,mm.am
23,monetizer101.com
23,multiscreensite.com
23,ndg.io
23,nkeo.top
23,onion.pet
23,pampopholf.com
23,plexop.com
23,pokkt.com
23,pushspring.com
23,qjjto.com
23,reactful.com
23,reutersnewsonline.com
23,searchdiscovered.com
23,searchmiracle.com
23,sekindo.com
23,shortest-route.com
23,smct.co
23,sn00.net
23,softpopads.com
23,storetail.io
23,supert.ag
23,survicate.com
23,tr553.com
23,trakken.de
23,usefomo.com
23,velti.com
23,videobox.com
23,woopra.com
23,xmrpool.net
23,xxxblackbook.com
23,yandexadexchange.net
23,yieldmanager.net
23,yu0123456.com
23,zendesk.com
24,1lo0.net
24,69i.club
24,6te.net
24,890m.com
24,9utwbj08.top
24,achievablecpmrevenue.com
24,adgebra.in
24,adreactor.com
24,ad-x.ru
24,afy11.net
24,aggregateknowledge.com
24,aim4media.com
24,ajplugins.com
24,akamaized.net
24,angelfire.com
24,apptentive.com
24,atinternet.com
24,attributionapp.com
24,beintoo.com
24,bget.ru
24,bnqt.com
24,brandads.net
24,brzegiemziemi.pl
24,c0.pl
24,callmeasurement.com
24,cheqzone.com
24,clickzs.com
24,comxcast.net
24,crabdance.com
24,cracklib.net
24,crsspxl.com
24,d2cmedia.ca
24,dbbsrv.com
24,digitalthrottle.com
24,dmtracker.com
24,dns.army
24,dpstack.com
24,dsnrmg.com
24,facebook.cm
24,freepay.com
24,gtags.net
24,gtrenitalia.it
24,hlserve.com
24,hostingerapp.com
24,i4rsrcj6.top
24,ientry.com
24,innity.com
24,interactive-circle.jp
24,jcloudcdn.com
24,justdied.com
24,logrocket.com
24,mb01.com
24,mediaz.vn
24,mrface.com
24,okanjo.com
24,otherlevels.com
24,otoshiana.com
24,ottimosoft1.com
24,percycle.com
24,platrium.com
24,polprogramm1.xyz
24,pph-server.de
24,qchannel03.cn
24,quantcount.com
24,realmemobile.com
24,shinobi.jp
24,sk.tl
24,skwstat.ru
24,snack-media.com
24,strangled.net
24,subsgifts.com
24,trackedweb.net
24,traffic-media.co
24,trafic.ro
24,truecaller.com
24,usingyourgifts.com
24,vantagetennis.co.uk
24,vidcoin.com
24,viewdns.net
24,visitor-analytics.io
24,vrtzads.com
24,wapstart.ru
24,whoaremyfriends.com
24,whoaremyfriends.net
24,wowtrk.com
24,wozinga.com
24,xxxnations.com
24,yieldoptimizer.com
24,zentrick.com
25,0x1f4b0.com
25,52pk.com
25,a0001.net
25,addapptr.com
25,adhaven.com
25,adjug.com
25,adlabsnetworks.com
25,admission.net
25,adnxs-simple.com
25,adobe.com
25,adtechjp.com
25,agrantsem.com
25,angellrackets.com
25,appdomain.cloud
25,banyanhill.com
25,bidtellect.com
25,bliink.io
25,brsrvr.com
25,byethost6.com
25,carts.guru
25,cetlog.jp
25,cmptch.com
25,cognativex.com
25,cryptomine.pro
25,ctags.cn
25,decibelinsight.net
25,engageclick.com
25,exposebox.com
25,ezec.co.uk
25,facebook.net
25,fartit.com
25,forexyard.com
25,hi2.ro
25,holder.com.ua
25,iasds01.com
25,imp2aff.com
25,ircfast.com
25,jeeng.com
25,jssearch.net
25,keyade.com
25,likebtn.com
25,logrocket.io
25,marktest.pt
25,netadclick.com
25,openinstall.io
25,polybuild.ru
25,poptm.com
25,quisma.com
25,radiumone.com
25,r-ad.ne.jp
25,selectablemedia.com
25,sharedsource.org
25,snrbox.com
25,socialprofitmachine.com
25,stoiximan.gr
25,superads.cn
25,sync.tv
25,synergize.co
25,thench.net
25,toprevenuecpmnetwork.com
25,tr.ht
25,tubeadvertising.eu
25,ujm.pl
25,vespymedia.com
25,vidible.tv
25,wanadoo.es
25,wp.pl
25,ytyukai.cn
26,126.net
26,2waky.com
26,6f2tjr26.top
26,accesstrade.net
26,admaximize.com
26,adnz.co
26,adsafety.net
26,adtwirl.com
26,affilired.com
26,ahalogy.com
26,aiclk.com
26,altitude-arena.com
26,atas.io
26,auxml.com
26,cdnads.com
26,comfortbra.pl
26,connectad.io
26,connexity.net
26,contentsfeed.com
26,coreg-feed.com
26,cpm10.com
26,cqyirsc.com
26,cu.cc
26,dnsdelegation.io
26,domob.cn
26,e-kocyki.pl
26,everesttech.net
26,far.ru
26,firepowerministry.org
26,freedynamicdns.net
26,freeze.com
26,fzkjxy.com
26,gcion.com
26,gratuitfile.com
26,gsecondscreen.com
26,hinet.net
26,icast.cn
26,ifnprog.xyz
26,ilividnewtab.com
26,instreamatic.com
26,jdhuwoskz.cloud
26,kromtech.net
26,liadm.com
26,linkprice.com
26,luckyorange.net
26,marchex.io
26,matomo.org
26,mediaad.org
26,mediarithmics.com
26,mimicromax.com
26,mugrikees.com
26,mywebnerd.com
26,oicssiq.com
26,onion.cab
26,online.sh.cn
26,parafiagoscino.pl
26,pinpoll.com
26,ppcmate.com
26,pyze.com
26,raspdiets.com
26,rebel.ai
26,retargetly.com
26,roulettebotplus.com
26,salamazerbaycan.az
26,samsungacr.com
26,sepyra.com
26,sharecloud.pl
26,shuzilm.cn
26,small-business-solutions.biz
26,specificmedia.com
26,streamrail.net
26,tentaculos.net
26,tnkfactory.com
26,trackalyzer.com
26,u1trkqf.com
26,uhlsystem.co.uk
26,umiwi.com
26,uni.me
26,u-telcom.net
26,worldkickboxingcommission.com
26,yahoodaily.com
27,acstat.com
27,addoor.net
27,adloop.co
27,admixer.co.kr
27,adthrive.com
27,adtilt.com
27,asdfg.us
27,atspace.co.uk
27,buyusarx.com
27,bytefence.com
27,cibntv.net
27,clicksor.net
27,coinimp.com
27,crewbuxonline.com
27,errorsafe.com
27,evolutionadv.it
27,exacttargetapis.com
27,ezyro.com
27,fivecdm.com
27,flagcounter.com
27,fwmrm.net
27,gamingweb.de
27,gdskywings.com
27,gravity.com
27,greetingsyoungqq.com
27,hostgator.com
27,hotrank.com.tw
27,hypers.com.cn
27,insomn.pro
27,integralads.com
27,ivitrack.com
27,kma1.biz
27,ktyawzg.com
27,listrakbi.com
27,mobgold.com
27,motrixi.com
27,movad.net
27,mpuqvoa.com
27,multiversemechanics.info
27,newzgames.com
27,nexac.com
27,novanet.vn
27,ometria.com
27,omine.org
27,optinmonster.com
27,pampers.com
27,rakuten.co.jp
27,redhelper.ru
27,reedbusiness.net
27,revolvermaps.com
27,selfcampaign.com
27,shucaihangjia.com
27,snd.tc
27,suroot.com
27,talk4anyone.com
27,tapsell.ir
27,taptapnetworks.com
27,technical-service.net
27,themoneytizer.com
27,tremormedia.com
27,tuia.cn
27,uniqodo.com
27,upalytics.com
27,uymkdz9s.com
27,vantagetennis.com
27,vidora.com
27,vivo.com.cn
27,webservis.ru
27,wirtualnie.pl
27,y2rmo576.top
27,yiqifa.com
27,zoossoft.net
28,2lwlh385os.com
28,4f2sm1y1ss.com
28,65vk1fba34.com
28,a-ads.com
28,acronym.com
28,admarketplace.com
28,admost.com
28,adomik.com
28,ajur.info
28,allhugeblog.com
28,allhugenewz.com
28,aquaplatform.com
28,audsp.com
28,avocet.io
28,brand-display.com
28,brightcove.com
28,calltouch.ru
28,calltrackingmetrics.com
28,chargeplatform.com
28,clouddn.com
28,cloudmobi.net
28,cookiepro.com
28,dj-hd5kfu.shop
28,dns04.com
28,dxpmedia.com
28,freeresultsguide.com
28,funshion.com
28,giveitalltheresqq.com
28,h-bid.com
28,hostfree.pw
28,inuvo.com
28,j-a-net.jp
28,kadam.net
28,kazaa.com
28,lkqd.net
28,lqw.me
28,mainadv.com
28,mycomputer.com
28,mysdvvf.com
28,mystartab.com
28,naturalbid.com
28,nimp.org
28,ntalker.com
28,over-blog.com
28,ownoffferta.cc
28,p78lld1s.top
28,payserve.com
28,publir.com
28,pussl32.com
28,qfdn3gyfbs.com
28,rackcdn.com
28,random-logic.com
28,rkdms.com
28,rs-stripe.com
28,selectmedia.asia
28,serveuser.com
28,smartlook.com
28,smartocto.com
28,sortable.com
28,suitesmart.com
28,tapinfluence.com
28,tfag.de
28,thetrafficstat.net
28,tor2web.org
28,totalnicefeed.com
28,transmatico.com
28,upsight.com
28,websteroidsapp.com
28,x-traceur.com
28,yllix.com
29,3gl.net
29,adit-media.com
29,adlabs.ru
29,adsbynimbus.com
29,advalo.com
29,affiliatewindow.com
29,ajkzd9h.com
29,amoad.com
29,bestmanage.org
29,breaktime.com.tw
29,comagic.ru
29,convertglobal.com
29,cpmprofitablenetwork.com
29,crypto-pool.fr
29,doublepimp.com
29,ebahpya.com
29,engagio.com
29,exoticads.com
29,flycast.com
29,fuseplatform.net
29,granify.com
29,hapyak.com
29,hdmtools.com
29,helloworldqqq.com
29,heytapmobi.com
29,hrzn-nxt.com
29,im2ss2ss.top
29,ingenioustech.biz
29,isthebe.st
29,jixie.io
29,kbx1sth37s.com
29,kilometrix.de
29,llog.pl
29,mediaonenetwork.net
29,mobileposse.com
29,monetizemore.com
29,networld.hk
29,noibu.com
29,olibero.it
29,oncustomer.asia
29,organiccrap.com
29,p9oqu.com
29,promotionsonlineusa.com
29,prugskh.com
29,r66at6sf.com
29,rtk.io
29,sendgrid.net
29,speedcurve.com
29,superfish.com
29,swcs.jp
29,tapdaq.com
29,tbv157xq.com
29,ujccccb.com
29,whs82908.com
29,x24hr.com
29,xev2o.com
29,youappi.com
29,younetmedia.com
29,yudexjr.com
30,0azx1.com
30,11hrcnll.com
30,78tdd75.com
30,8digits.com
30,adespresso.com
30,adingo.jp
30,adlibr.com
30,adsrv.wtf
30,advarkads.com
30,adxxx.com
30,andersenit.dk
30,apxlv.com
30,azureedge.net
30,bebi.com
30,btvhdscr.com
30,clickbooth.com
30,clickonometrics.pl
30,crakmedia.com
30,create2fear.com
30,crispadvertising.com
30,dh2xbuwg.com
30,digidip.net
30,directrev.com
30,dlzm790g.com
30,eads.com
30,ecircle-ag.com
30,ed9wkbpy.com
30,emxdgt.com
30,faststart.ru
30,gb0rd.com
30,h5tjj3loy2.com
30,h8vzwpv.com
30,heias.com
30,hg8dc7bm.com
30,hiug862dj0.com
30,hot-mob.com
30,i0s26ol9.com
30,indoleads.com
30,inskinad.com
30,irs03.com
30,jino-net.ru
30,kmip.net
30,lkqd.com
30,mmstat.com
30,mobilefuse.com
30,myhomescreen.tv
30,noddus.com
30,offermatica.com
30,openxenterprise.com
30,oupe71eiun.com
30,p5genexs.com
30,pe.hu
30,p-e.kr
30,plugrush.com
30,pregnantalternatives.com.au
30,prugskh.net
30,pussl6.com
30,putrr12.com
30,qubitproducts.com
30,redretarget.com
30,retentionscience.com
30,rtbidder.net
30,seskeu3zk7.com
30,sexpalace.gs
30,sitey.me
30,soft-com.biz
30,stellaservice.com
30,targetspot.com
30,teasernet.com
30,traffic.club
30,traffichaus.com
30,tubetitties.com
30,uimserv.net
30,vdo.ai
30,veruta.com
30,viantinc.com
30,visualrevenue.com
30,webtradehub.com
30,zmctrack.net
30,zy16eoat1w.com
31,4strokemedia.com
31,746fyw2v.com
31,8ue9q7i.com
31,aatkit.com
31,adalliance.io
31,adalyser.com
31,adk2.net
31,adlane.info
31,ad-miner.com
31,adultadworld.com
31,adultrevenueservice.com
31,adverline.com
31,anetwork.ir
31,bilescotrej.com
31,bqiovml.com
31,braun634.com
31,britepool.com
31,bthow.com
31,busketball.com
31,c9users.io
31,clickadu.com
31,clkads.com
31,dased.com
31,demopage.me
31,eawp2ra7.top
31,ezmob.com
31,forkcdn.com
31,freefifa17coins.net
31,goo4anywhere.com
31,hicpm10.com
31,interpolls.com
31,inwemo.com
31,itsaol.com
31,jqwww.download
31,jynp9m209p.com
31,l4oecosq.com
31,lfg5jnbi.com
31,localpoint.ch
31,mangoads.vn
31,moba8.net
31,nablabee.com
31,newscgp.com
31,ooq5z.com
31,phpnet.us
31,pop6.com
31,proprietes-privees.com
31,ptarepjx.com
31,pussl3.com
31,putrr7.com
31,serveo.net
31,shengen.ru
31,siteswithcontent.com
31,sophus3.com
31,sspinc.io
31,startapp.com
31,subiz.com
31,survey-smiles.com
31,truefilen32.com
31,wkanx.com
31,zyns.com
32,0catch.com
32,360i.com
32,7fkm2r4pzi.com
32,adnxs.net
32,adsplay.xyz
32,adsterra.com
32,adtarget.me
32,advance.net
32,applause.com
32,ayads.co
32,blrqeqn.com
32,cnomy.com
32,com1.ru
32,coocoldini.xyz
32,cryptopay.org.za
32,dataxu.com
32,digitaldsp.com
32,digital-forest.info
32,directtrack.com
32,esm1.net
32,facil-iti.com
32,frem.com
32,hcworld.com
32,heytapmobile.com
32,ignorelist.com
32,inner-active.mobi
32,iptrack.io
32,juicyads.com
32,lld2q.com
32,marsads.com
32,mediawayss.com
32,motorpresse-statistik.de
32,navegg.com
32,pcspeedup.com
32,picbucks.com
32,profitshare.ro
32,sandai.net
32,scopely.io
32,securewebsiteaccess.com
32,si1ef.com
32,sina.cn
32,sslblindado.com
32,supersonic.com
32,talk4fun.net
32,utahelkwhisperer.com
32,vcommission.com
32,waardex.com
32,waytogrow.eu
32,wipe.de
32,wshareit.com
32,wwwpromoter.com
33,3lift.com
33,adop.cc
33,adpartner.pro
33,adpushup.com
33,aerserv.com
33,anthill.vn
33,c8.net.ua
33,ccgateway.net
33,coinnebula.com
33,cpmprofitablecontent.com
33,ec-concier.com
33,eroadvertising.com
33,esthost.com
33,firstimpression.io
33,force24.co.uk
33,fromru.com
33,go.com
33,ibillboard.com
33,jd.com
33,linkpulse.com
33,mouseflow.com
33,mtvp05j.com
33,mypcbackup.com
33,nativeroll.tv
33,nlwy0.com
33,pfdnlwyu.in
33,ptmind.com
33,pubwise.io
33,qucaigg.com
33,revotas.com
33,rnmd.net
33,sitemaji.com
33,trovi.com
33,ukw.jp
33,uptolike.com
33,webtrekk-system.com
33,yoyi.com.cn
34,1dmp.io
34,66ghz.com
34,6ped2nd3yp.com
34,95p5qep4aq.com
34,absoluteclickscom.com
34,addefend.com
34,adotube.com
34,adready.com
34,adsymptotic.com
34,adtheorent.com
34,appsdorado.com
34,baifendian.com
34,bfmio.com
34,bugs3.com
34,canddi.com
34,cj.com
34,d0p21g2fep.com
34,domnicpeter.in.net
34,favbat.com
34,haloapps.com
34,imonomy.com
34,installspeed.com
34,izea.com
34,ksmobile.net
34,lie2anyone.com
34,link4ads.com
34,luxcdn.com
34,maploco.com
34,mxptint.net
34,myfw.us
34,nasmedia.co.kr
34,netlify.com
34,novelty.media
34,ns01.us
34,onion.link
34,pushnami.com
34,skinstrip.net
34,smart-traffik.com
34,snva.jp
34,spoutable.com
34,tiller.co
34,tvinteractive.tv
34,typeform.com
34,udrivemyr54.com
34,umengcloud.com
34,webinstats.com
34,whitesmoke.com
34,zlx.com.br
35,2015pharmacy.com
35,adsplay.in
35,airpr.com
35,andomedia.com
35,axonix.com
35,batch.com
35,bet-at-home.com
35,beusable.net
35,bianxianmao.com
35,bidsxchange.com
35,coderformylife.info
35,datawrkz.com
35,dc-storm.com
35,ebesucher.de
35,factinform.net
35,fanplayr.com
35,firebaseio.com
35,flexispy.com
35,fout.jp
35,funsafetab.com
35,glam.com
35,gostats.com
35,hackfbaccount.com
35,hicloud.com
35,itisverygoodqq.com
35,jolic2.com
35,justsaywow.com
35,leadsleap.com
35,my-place.us
35,netinsight.co.kr
35,onlinepbx.ru
35,quinstreet.com
35,scarabresearch.com
35,simility.com
35,smaclick.com
35,smartnews-ads.com
35,sparechange.io
35,speedknow.co
35,synacast.com
35,trafficmagnates.com
35,webspectator.com
35,y6a7tqyr.com
35,zenoviaexchange.com
36,0sywjs4r1x.com
36,adadvisor.net
36,adbureau.net
36,apptimize.com
36,automatad.com
36,bannerbank.ru
36,behe.com
36,bighits.net
36,brealtime.com
36,casinorewards.com
36,cloud-iq.com
36,comyr.com
36,cpmnetworkcontent.com
36,e-contenta.com
36,getiton.com
36,jungroup.com
36,leadchampion.com
36,marketgid.com
36,mefound.com
36,mmondi.com
36,monitus.net
36,n3.net
36,novostimira.biz
36,ovh.net
36,petametrics.com
36,pimproll.com
36,predictad.com
36,qualaroo.com
36,salesdoubler.com.ua
36,sexmoney.com
36,smadex.com
36,snssdk.com
36,swoop.com
36,tinyclues.com
36,under2given.com
36,urldelivery.com
36,valueclick.com
36,vidoomy.com
36,visiblemeasures.com
36,webpushcloud.info
36,wpu.sh
36,xxxcounter.com
36,youdao.com
36,yunos.com
37,aaxads.com
37,acmetoy.com
37,adsmoloco.com
37,alkemics.com
37,ants.vn
37,antvoice.com
37,batmobi.net
37,buzzoola.com
37,dable.io
37,datarating.com
37,etargetnet.com
37,freecountercode.com
37,getsidecar.com
37,ifeng.com
37,jampp.com
37,logger.co.kr
37,mbservicesyorkshire.co.uk
37,media6degrees.com
37,myfuncards.com
37,myutilitydomain.com
37,onespot.com
37,onscroll.com
37,portmap.io
37,prv.pl
37,ruscams.com
37,serving-sys.com
37,sochetat.net
37,speediest.net
37,streamrail.com
37,tellapart.com
37,trafficstars.com
37,treehousei.com
37,truehits.net
37,wzrkt.com
37,xzipy.com
37,yoochoose.net
38,andbeyond.media
38,appannie.com
38,blablaworldqq.com
38,blis.com
38,class2deal.com
38,clickiocdn.com
38,clickmon.co.kr
38,dfirma.pl
38,directadvert.ru
38,englishwoodlands.co.uk
38,extend.tv
38,fgpp.com
38,harrisretreat.com
38,highrevenuecpm.com
38,hypercount.com
38,itemdb.com
38,keywee.co
38,kinoprofi.org
38,ladsp.jp
38,m6r.eu
38,mediba.jp
38,nativetrees.co.uk
38,nettime.ru
38,pussl48.com
38,registerservicedomains.com
38,rr.nu
38,rtbanalytics.com
38,sales-frontier.com
38,scw.systems
38,sokrati.com
38,spotx.tv
38,strossle.com
38,survata.com
38,trick17.it
38,yandex.ru
39,adforce.ru
39,ad-maven.com
39,adworldmedia.com
39,americanexpress.com
39,brainient.com
39,bravesentry.com
39,bttrack.com
39,cfeucdn.com
39,citrusad.com
39,coinminerz.com
39,cooladata.com
39,cygnus.com
39,d2-apps.net
39,dt00.net
39,foreseeresults.com
39,fullstory.com
39,kaizenplatform.net
39,keymetric.net
39,leads.su
39,loading-delivery1.com
39,mailtrack.me
39,misstrends.com
39,nezavisnisindikatbvk.rs
39,nimiq.com
39,onespot-tracking.herokuapp.com
39,regruhosting.ru
39,resulticks.com
39,retdaz.fun
39,sddan.com
39,stroeermediabrands.de
39,sunmedia.tv
39,teste.website
39,thetreecentre.com
39,ukit.me
39,xicp.net
39,xunlei.com
39,yadro.ru
39,yahoo.co.jp
40,247realmedia.com
40,33across.com
40,360yield.com
40,accessplugin.com
40,adwo.com
40,adyoulike.com
40,analoganalytics.com
40,captifymedia.com
40,click2sell.eu
40,convertexperiments.com
40,eaziparish.com
40,filament-stats.herokuapp.com
40,gdmconvtrck.com
40,googleadservices.com
40,hebdenbridgedental.co.uk
40,homebizhangout.com
40,lindon-pool.win
40,mediaiqdigital.com
40,myaffiliates.com
40,onlinetrees.co.uk
40,optimizesrv.com
40,petboutiquepawsnclaws.co.uk
40,pflexads.com
40,push-free.com
40,recosenselabs.com
40,revdepo.com
40,seekmo.com
40,sharezips.net
40,spongecell.com
40,surge.sh
40,viralninjas.com
40,webhostbox.net
40,xgrwjbui.top
40,xorg.pl
40,zoommeetingsclassaction.com
41,16mb.com
41,1st-investment.com
41,aarki.net
41,adadapted.com
41,admaxim.com
41,adyun.com
41,belahhoast.net
41,bizible.com
41,buzzcity.net
41,carambo.la
41,clicksgear.com
41,comze.com
41,cssjs.co
41,dating254.com
41,effers.com
41,extreme-dm.com
41,freelogs.com
41,galton.pila.pl
41,gdeslon.ru
41,goneviral.com
41,justns.ru
41,kavanga.ru
41,kugou.com
41,linksynergy.com
41,mixpo.com
41,noqukjy.com
41,o4uxrk33.com
41,runtnc.net
41,sessionm.com
41,sharethis.com
41,sizmek.com
41,skimlinks.com
41,sonic4me.com
41,sportdigi.com
41,tappx.com
41,tencentcs.com
41,uol.com.br
41,valueclick.net
41,yeahmobi.com
42,67frzna9e9.com
42,6zw2rcfd.com
42,ad4game.com
42,adcash.com
42,adfalcon.com
42,adfox.ru
42,admeira.ch
42,adverticum.net
42,aimtell.com
42,airbrake.io
42,app-measurement.com
42,axelsfun.com
42,callbackkiller.com
42,clickterra.net
42,ct8.pl
42,cxense.com
42,dotomi.com
42,earthsolution.org
42,goggle.com
42,hellomydearqq.com
42,hitcpm.com
42,inboxdollars.com
42,medsjoy.biz
42,monitoringservice.co
42,myqcloud.com
42,mzol7lbm.com
42,ndparking.com
42,notifications-online.systems
42,onlineshops2021.ru
42,oppomobile.com
42,pubexchange.com
42,realclick.co.kr
42,sentifi.com
42,smaato.com
42,sponsorpay.com
42,triptease.io
42,trustedgatetocontent.com
42,viapush.com
42,voluum.com
42,yandex.com
43,5nt1gx7o57.com
43,accessintel.com
43,acint.net
43,addroid.com
43,adgear.com
43,adservice.com
43,bnmla.com
43,browser-tools.systems
43,charter.com
43,contentexchange.me
43,digitaltarget.ru
43,downloadme.org
43,dsparking.com
43,f3322.org
43,fecebook.com
43,gicp.net
43,infopro-insight.com
43,leadfeeder.com
43,mobpartner.mobi
43,mobusi.com
43,mochiads.com
43,mycdn2.co
43,naver.com
43,otzo.com
43,papayamobile.com
43,pgcode.org
43,smarterhq.io
43,vatname.info
43,vibrantmedia.com
44,10bet.com
44,1133.cc
44,adgardener.com
44,adinall.com
44,admatic.com.tr
44,adultterritory.net
44,aimediagroup.com
44,akamaihd.net
44,arendroukysdqq.com
44,browsers.support
44,collection-endpoint-prod.herokuapp.com
44,eeghegak.com
44,fabricmedia.ru
44,focalex.com
44,ironsrc.com
44,leadgid.ru
44,liftoff.io
44,loveslife.biz
44,my1.ru
44,nend.net
44,ptengine.cn
44,revcontent.com
44,taptica.com
44,top-site-list.com
44,trenitalua.it
44,truepush.com
44,viomil.ro
44,zhiziyun.com
45,a2z.com
45,admetric.io
45,convertcart.com
45,dianomi.com
45,digitaloptout.com
45,eekrooha.com
45,ege-krasnoyarsk.ru
45,ematicsolutions.com
45,eum-appdynamics.com
45,frepubblica.it
45,funnelytics.io
45,gameanalytics.com
45,inmobicdn.net
45,iqzone.com
45,kantarmedia.com
45,ksmobile.com
45,lbn.ru
45,livebloggs.com
45,nimiq-network.com
45,personyze.com
45,placed.com
45,silvermob.com
45,superstats.com
45,trafficjunky.net
45,truoptik.com
45,xn--pypl-q5bc.com
45,yieldmanager.com
46,actionpay.ru
46,acuityplatform.com
46,admarvel.com
46,bidderrtb.com
46,blogads.com
46,bosspush.com
46,creative-serving.com
46,doublemax.net
46,easysol.net
46,gravity4.com
46,green-red.com
46,ilo134ulih.com
46,iplogger.ru
46,kalooga.com
46,kip5j.com
46,ligatus.com
46,modulepush.com
46,monetate.net
46,moreniche.com
46,nexage.com
46,opinionlab.com
46,perion.com
46,revjet.com
46,scalaproject.io
46,smartyads.com
46,topbucks.com
46,twittor.co
46,yoc.com
46,zzux.com
47,550b3ikb9j.com
47,7hu8e1u001.com
47,adform.net
47,afilio.com.br
47,apple.com
47,appnext.com
47,corrirre.it
47,dawin.tv
47,dsnextgen.com
47,friendbuy.com
47,increaserev.com
47,jf71qh5v14.com
47,lporirxe.com
47,nsaudience.pl
47,petrovka.info
47,rbnt.org
47,revenuenetworkcpm.com
47,speedera.net
47,speednames.com
47,streem.com.au
47,videohub.tv
48,6l1twlw9fy.com
48,ad-brix.com
48,adsonar.com
48,adtelligence.de
48,algovid.com
48,apptornado.com
48,aralego.com
48,bemobtrcks.com
48,bidsopt.com
48,bitterstrawberry.com
48,com495.ru
48,eclick.vn
48,gm99.com
48,gotchosen.com
48,inskinmedia.com
48,jvzoo.com
48,lookin.at
48,mgtv.com
48,nakedreel.com
48,nichesite.org
48,oo000oo.club
48,piglyeleutqq.com
48,referralware.com
48,republer.com
48,secretmedia.com
48,sift.co
48,silverpush.co
48,smowtion.com
48,snigelweb.com
48,supportxmr.com
48,synerise.com
48,tagdelivery.com
48,tagtic.cn
48,ultranote.org
48,voicefive.com
48,yqjxzw.com
48,zing.vn
49,adspeed.net
49,advertise.com
49,amazonaws.com
49,dialogtech.com
49,distralytics.com
49,dkonto.pl
49,eb2a.com
49,globalmailer.com
49,llnw.net
49,mafiawantsyouqq.com
49,mediav.com
49,oadz.com
49,perfectaudience.com
49,pubnative.net
49,rambler.ru
49,roku.com
49,salemove.com
49,seedtag.com
49,sexy18.cc
49,ssl2anyone3.com
49,triptease.net
49,unig.it
49,verticalscope.com
49,webturn.ru
49,xcvgdf.party
49,youmi.net
50,59cn7.com
50,adaware.com
50,adocean.pl
50,betweendigital.com
50,cba.pl
50,clickyab.com
50,clmbtech.com
50,go0ogle.it
50,growingio.com
50,hashvault.pro
50,idio.co
50,mixpanel.com
50,ntent.com
50,nxtck.com
50,reimageplus.com
50,shoofle.tv
50,sitemeter.com
50,ssve.ru
50,subscribers.com
50,trafficjunky.com
50,triplelift.com
50,truex.com
50,unaux.com
50,videe.tv
50,xoalt.com
50,yieldify.com
51,3221dkf7m2.com
51,affinity.com
51,airpush.com
51,airserve.net
51,bitrix24.site
51,decenterads.com
51,fastclick.com
51,groundtruth.com
51,insticator.com
51,liteweb.net
51,ojooo.com
51,skimresources.com
51,snplow.net
51,springserve.com
51,vserv.mobi
52,1rx.io
52,24.eu
52,appia.com
52,applift.com
52,atdmt.com
52,deepintent.com
52,fresh8.co
52,gridsumdissector.com
52,iqiyi.com
52,k50.ru
52,kontera.com
52,leadbolt.com
52,localtunnel.me
52,minemonero.pro
52,mobidea.com
52,movad.de
52,nabaza.com
52,online.pro
52,putana.cz
52,responsetap.com
52,sc-specialhost.com
52,searchmagnified.com
52,tapsense.com
52,tpbid.com
52,wmcdp.io
52,xtremepush.com
53,ak-is2.net
53,etracker.cc
53,eurostretch.ru
53,fun-clix.com
53,gatetocontent.com
53,imlive.com
53,livejasmin.com
53,medi-8.net
53,mediamind.com
53,m-pathy.com
53,netavenir.com
53,statcounter.com
54,aboutwebservices.com
54,akamai.net
54,ampproject.org
54,belableqq.com
54,clicktale.net
54,duiba.com.cn
54,ebis.ne.jp
54,hop.ru
54,nativeads.com
54,nightbird.net
54,ontheweb.nu
54,openstat.com
54,paypopup.com
54,quantcast.com
54,reduxmedia.com
54,salecycle.com
54,sojern.com
54,sovrn.com
54,testin.cn
54,youboranqs01.com
54,za.pl
55,adacts.com
55,clrstm.com
55,consensu.org
55,contentsquare.net
55,eyereturn.com
55,httpool.com
55,inmobi.cn
55,ladsp.com
55,optim-cash.com
55,sare25.com
55,segmentify.com
55,sleeknote.com
55,twyn.com
55,uodoo.com
55,us.to
55,vervemobile.com
55,wcomhost.com
55,windows.net
55,zorosrv.com
56,163.com
56,201mb.com
56,acquia.com
56,adsupply.com
56,anchorfree.net
56,appflood.com
56,b2b-mail.net
56,clicktale.com
56,connatix.com
56,hebiichigo.com
56,kl.com.ua
56,minexmr.com
56,nbhxgjz.com
56,nellgabrielle.com
56,nitrado.hosting
56,owneriq.net
56,paycount.com
56,promoheads.com
56,reviveservers.com
56,rhythmone.com
56,sextracker.be
56,stickyadstv.com
56,valuecommerce.com
56,visualdna.com
56,xlisting.jp
57,24pm-affiliation.com
57,adverserve.net
57,clicktripz.com
57,logo-net.co.uk
57,miva.com
57,mxcdn.net
57,portmap.host
57,saymedia.com
57,sitetag.us
57,trading-rtbg.com
57,ulagacinema.in
57,webtrends.com
57,wizaly.com
57,x9.eu
57,yotube.com
57,zog.link
58,dailyblogzz.com
58,hyprmx.com
58,jeansowghtqq.com
58,madpendesign.com.au
58,marchex.com
58,quantserve.com
58,reklamstore.com
58,sasisa.ru
58,ximad.com
58,youku.com
59,803mine.com
59,bo.pl
59,clearsale.com.br
59,csgocpu.com
59,directrix.ru
59,eagleplatform.com
59,getrockerbox.com
59,im-apps.net
59,jpush.cn
59,kameleoon.com
59,linkshare.com
59,netster.com
59,onenetworkdirect.com
59,searchnut.com
59,supersonicads.com
59,thruport.com
59,widerplanet.com
59,wtoredir.com
59,zemanta.com
60,bbelements.com
60,esy.es
60,hellomisterbiznesqq.com
60,insigit.com
60,letv.com
60,mysearch.com
60,propellerads.com
60,sambaads.com
60,snapads.com
60,speedshiftmedia.com
60,tnctrx.com
60,uqauv.cn
60,webengage.com
60,website.pl
60,yesitisqqq.com
61,adacado.com
61,adorika.com
61,allow-to-continue.com
61,blismedia.com
61,conductrics.com
61,creativecdn.com
61,cubics.com
61,dftoutiao.com
61,districtm.io
61,elasticad.net
61,f3322.net
61,feed-xml.com
61,glispa.com
61,haravan.com
61,ip-label.net
61,juiceadv.com
61,kliksaya.com
61,safestcontentgate.com
61,seoparts.net
61,truconversion.com
61,updateacces.org
61,viaxmr.com
62,chicoryapp.com
62,dstillery.com
62,extafiles.com
62,mediaplace.biz
62,my-style.in
62,push-notifications.top
62,skf.com
62,socdm.com
62,sushipool.com
62,tremorvideo.com
62,urekamedia.com
62,vpon.com
62,whatshelp.io
62,yieldbird.com
63,bmesarsodothmqoubieo.com
63,exoclick.com
63,feedify.net
63,fykqx.ru
63,id5-sync.com
63,impact-ad.jp
63,jumplead.com
63,oyi9f1kbaj.com
63,ptengine.jp
63,scorecardresearch.com
63,smutserver.com
63,zertifikat-ssl.mobi
64,100free.com
64,ad7.com
64,adflex.vn
64,cam4.fr
64,crypto-loot.com
64,cvtr.io
64,dynip.org
64,freebitco.in
64,koobecaf.info
64,maherstcottage.com.au
64,mediavine.com
64,securestudies.com
64,tokoapril.com
64,unrulymedia.com
64,williamhill.es
64,yimg.com
65,adengage.com
65,admob.com
65,adnico.jp
65,adro.co
65,adtech.us
65,atwola.com
65,calltracks.com
65,cpm20.com
65,directcrm.ru
65,heyzap.com
65,imgsmail.ru
65,leadid.com
65,mooo.com
65,opentracker.net
65,richaudience.com
65,wrengostic.com
66,adikteev.com
66,adzerk.net
66,askbot.com
66,astrsk.net
66,bannersnack.com
66,go2cloud.org
66,gosquared.com
66,notifyvisitors.com
66,rktch.com
66,sex-tracker.com
66,worldgravity.com
67,admon.pro
67,b-cdn.net
67,ch.vu
67,fyxm.net
67,iplogger.org
67,luxadv.com
67,returnpath.net
67,smrtb.com
68,atianqi.com
68,emarbox.com
68,esearchvision.com
68,hyperphp.com
68,ijinshan.com
68,kissmetrics.com
68,krxd.net
68,looksmart.com
68,mg2connext.com
68,mightymagoo.com
68,monerise.com
68,optimix.asia
68,roistat.com
68,tidaltv.com
68,trafficforce.com
68,webhancer.com
69,247-inc.com
69,durasite.net
69,easywayfodating.com
69,fishdns.com
69,fresh-js.bitbucket.io
69,glassboxdigital.io
69,km-sea.net
69,magnify360.com
69,netrefer.com
69,pas-rahav.com
69,talkable.com
69,webads.eu
69,widespace.com
70,5gbfree.com
70,adnuntius.com
70,appodeal.com
70,ethn.io
70,exelator.com
70,hsdn.org
70,indexexchange.com
70,secureserver.net
70,sina.com.cn
70,swtest.ru
70,ydns.eu
71,adbetnet.com
71,contentabc.com
71,fuse-cloud.com
71,pushbird.com
71,webpu.sh
72,adhood.com
72,adkernel.com
72,ahcdn.com
72,clevertap.com
72,gscontxt.net
72,hyros.com
72,iperceptions.com
72,mathtag.com
72,memecounter.com
72,onanwhit.com
72,redintelligence.net
72,saambaa.com
72,segmetrics.io
72,vivtracking.com
72,webxmr.com
72,xapads.com
72,zeroredirect2.com
73,5v.pl
73,adplxmd.com
73,avazutracking.net
73,casino-sicuro.it
73,flu.cc
73,gmossp-sp.jp
73,styria-digital.com
74,ad2iction.com
74,c1l.us
74,earn-binary.com
74,knorex.com
74,leadlander.com
74,mixadvert.com
74,myfreesites.net
74,oribi.io
74,statdynamic.com
74,terraclicks.com
75,53kf.com
75,ad-stir.com
75,altpool.pro
75,crittercism.com
75,mediaforge.com
75,poisedtoshrike.com
75,videoamp.com
75,zap-webspace.com
75,zeroredirect8.com
76,adman.gr
76,agilone.com
76,bloggerads.net
76,certified-toolbar.com
76,eulerian.eu
76,helloyoungmanqq.com
76,leadforensics.com
76,myddns.me
76,oldoutnewin.com
76,stackadapt.com
76,treasuredata.com
76,unicaondemand.com
76,userreport.com
76,vcmedia.vn
76,warzonedns.com
76,xdk8ax.cn
76,zooplus.fr
77,adjust.com
77,clone147.com
77,eclkmpbn.com
77,freedynamicdns.org
77,miksport.pl
77,mywebsearch.com
77,netseer.com
77,okcftyze.in
77,ploooop.com
77,profitabletrustednetwork.com
77,traffer.net
78,advanced-web-analytics.com
78,autoads.asia
78,braze.com
78,cityads.com
78,dnsrobotuptime.ru
78,flashtalking.com
78,liveintent.com
78,minergate.com
79,ailacabs.com
79,cometsystems.com
79,foxlimited.top
79,mopub.com
79,ogury.io
79,omniconvert.com
79,pinion.gg
79,qpoe.com
79,videologygroup.com
80,adpies.com
80,adtoox.com
80,dynad.net
80,ezojs.com
80,hotjar.com
80,lenovomaybenotqq.com
80,nullrefexcep.com
80,ownlocal.com
80,tapjoy.com
80,zooplus.nl
81,a4g.com
81,dsultra.com
81,edgesuite.net
81,iadvize.com
81,myroitracking.com
81,resonate.com
81,team-rec.jp
81,torgdom.biz
81,tradelab.fr
81,usebutton.com
82,csbew.com
82,hammerhandz.com
82,jeansowghsqq.com
82,leadsmonitor.io
82,mediego.com
82,phunware.com
82,presage.io
82,qpujpkws.in
82,refresh-js.bitbucket.io
82,target2sell.com
82,tenmax.io
82,you2.pl
83,addthis.com
83,aoscmt.com
83,cowsnbullz.com
83,engagetosell.com
83,fc2.com
83,microad.jp
83,netcoresmartech.com
83,openx.com
83,otm-r.com
83,puls.lv
83,purpledaily.com
83,sape.ru
83,signifyd.com
83,tradedoubler.com
84,ec-optimizer.com
84,marksypark.com
84,msswz.com
84,november-lax.com
84,skuawill.com
84,sprout-ad.com
84,valassis.com
85,17173.com
85,adelement.com
85,adforum.com
85,adsafeprotected.com
85,adsniper.ru
85,chickenkiller.com
85,cloudtraff.com
85,deqwas.net
85,goonwithmazerqq.com
85,mdhv.io
85,medisonsteeltech.com
85,mumbaimalmo.se
85,startappservice.com
85,unblocked.llc
86,babylon.com
86,iqoption.com
86,metalyzer.com
86,pointbuysys.com
86,sohu.com
86,vivocha.com
86,webs.com
87,2kool4u.net
87,adcolony.com
87,dmxleo.com
87,lakemneadows.com
87,office.com
87,retargeter.com
87,useitbetter.com
88,circultural.com
88,cnbole.net
88,dendrito.name
88,id-visitors.com
88,italazudda.com
88,miui.com
88,solocpm.com
88,undertone.com
88,vicp.net
88,yumenetworks.com
89,foresee.com
89,hellobar.com
89,permutive.app
89,umbler.net
89,zeustechnology.com
90,5rocks.io
90,adsage.com
90,aniview.com
90,ck-cdn.com
90,clickintext.net
90,exponential.com
90,gpdi-lippocikarang.com
90,justuno.com
90,omeda.com
90,pbterra.com
90,vidcpm.com
91,chartboost.com
91,clickpoint.com
91,getforge.io
91,ojolink.fr
91,surf-town.net
91,yieldmo.com
92,4pu.com
92,adunity.com
92,bitsngo.net
92,boomtrain.com
92,cu.ma
92,mobvista.com
92,toboads.com
92,xoxknct.com
93,adskeeper.co.uk
93,aiwanma99.com
93,atomex.net
93,blatnet.com
93,codns.com
93,crwdcntrl.net
93,ezodn.com
93,ispot.tv
93,lenovowantsyouqq.com
93,lentainform.com
93,ucoz.com
93,zona.plus
94,0pe.kr
94,appsflyer.com
94,fromjamaicaqq.com
94,healthgrades.com
94,igodigital.com
94,ipinyou.com
94,nimiq.network
94,stackblitz.io
95,5profits.com
95,adscience.nl
95,hotchunman.com
95,orrisbirth.com
95,performax.cz
96,amazon-adsystem.com
96,antevenio.com
96,df-srv.de
96,hol.es
96,permutive.com
96,waptrick.com
97,adform.com
97,arrowservice.net
97,hotlog.ru
97,oghub.io
97,px-cdn.net
97,wishloop.com
98,1mobile.com
98,adtechus.com
98,c3metrics.com
98,idirect.com
98,uni.cc
99,152media.com
99,pxchk.net
100,best-system-tools.com
100,bounceexchange.com
100,celeb-ads.com
100,count.ly
100,ddns.name
100,eulerian.fr
100,gohip.com
100,immo-facile.com
100,smaato.net
100,sogou.com
100,spotxchange.com
100,tripod.com
101,adminer.com
101,bluekai.com
101,brb.name
101,dcmn.com
101,edomz.com
101,freecounter.it
101,kdata.fr
101,lasmeio.com
101,mainews.ru
101,nighter.club
101,strands.com
101,videoplayerhub.com
101,window-updates-service.com
102,analysys.cn
102,copush.com
102,crdrjs.info
102,directpaper.name
102,emailretargeting.com
102,erileni.ru
102,handy-tab.com
102,innovid.com
102,restonovius.com
102,tityx.com
102,trccmpndmn.com
102,weborama.com
103,adtech.de
103,co.nf
103,e-planning.net
103,hpareyouhereqq.com
103,hubtraffic.com
103,iwon.com
103,jetswap.com
103,kro.kr
103,sharezips.info
103,shinystat.com
103,soup.io
103,theappanalytics.com
103,vgwort.de
103,windows-display-service.com
104,8800.org
104,admedit.net
104,blastnotificationx.com
104,devbug.su
104,eulerian.com
104,mp3vizor.com
104,natrasiekorzysci.pl
104,no-ip.com
104,popin.cc
104,showheroes.com
104,thevtk.com
104,tirsmile.pro
104,trafficholder.com
104,yahoosandbox.com
104,yuhuads.com
105,adspirit.net
105,aureate.com
105,authedwebmine.cz
105,catchtheclick.com
105,clarivoy.com
105,eloqua.com
105,freewheel.tv
105,luminate.com
105,psh.one
105,total.fr
105,webtrekk.com
106,adsbtrk.com
106,cux.io
106,eskimi.com
106,hybrid.ai
106,ioam.de
106,localytics.com
106,plus.com
106,tnsinternet.be
107,adskape.ru
107,imageshack.host
107,lifeimpressions.net
107,make-cash-at-home.com
107,mbww.com
107,mp3bars.com
107,partypoker.com
107,reallifecam.com
107,staticsfs.host
108,aamapi.com
108,adtech.fr
108,daum.net
108,genhit.com
108,notify6.com
108,nuseek.com
108,wtf.la
109,000free.us
109,adk2.com
109,audienceinsights.net
109,civicscience.com
109,gravitec.net
109,leadzu.com
109,lookmy.info
109,m2pub.com
109,nsmartad.com
109,spectate.com
109,unless.com
109,updatestar.com
109,vuryua.ru
109,webwave.dev
110,51y5.net
110,adprotect.net
110,audtd.com
110,grapeshot.co.uk
110,groovinads.com
110,smartstream.tv
111,ad4m.at
111,admedia.com
111,blueyonder.co.uk
111,miarroba.com
111,mobfox.com
111,msgapp.com
111,performancetrustednetwork.com
111,rakutenmarketing.com
111,yamanoha.com
112,fiksu.com
112,hitslink.com
112,luyouxia.net
112,midas-i.com
112,pgpartner.com
113,7k7k.com
113,ad4mat.net
113,funnwebs.com
113,naiadsystems.com
113,securitymetrics.com
113,sharethrough.com
113,siteimprove.com
113,spring-tns.net
113,web1000.com
113,yousee.com
114,actnx.com
114,air360tracker.net
114,bero-webspace.de
114,biddingx.com
114,pleisty.com
114,sextracker.com
114,zanox-affiliate.de
114,ziyu.net
115,appnexus.net
115,engageya.com
115,fwdservice.com
115,html-5.me
115,placeiq.com
115,pulsemgr.com
115,yengo.com
116,mafianeedsyouqq.com
116,milerteddy.com
116,tmweb.ru
116,trvdp.com
116,zeotap.com
117,adserver.com
117,bidswitch.net
117,burstnet.com
117,tacoda.net
118,3cinteractive.com
118,admixer.net
118,advertising.com
118,fluidsurveys.com
118,outbrain.com
118,usesfathom.com
118,yongkang6.com
118,zeroredirect5.com
119,a8.net
119,adition.com
119,awempire.com
119,goadservices.com
119,p24.hu
119,vidzi.tv
120,ab4hr.com
120,adledge.com
120,gwallet.com
120,imitrk.com
120,markethero.io
120,pigglywigglyqq.com
120,servedbyadbutler.com
120,turn.com
121,baynote.net
121,criteo.net
121,gumgum.com
121,i-mobile.co.jp
121,invitemedia.com
121,neodatagroup.com
121,simpli.fi
121,titanpoker.com
122,brandreachsys.com
122,conversantmedia.com
122,macromill.com
122,sonobi.com
122,supplyframe.com
122,tapad.com
122,vhvpybze.in
123,adtdp.com
123,measuremap.com
123,smartclip.net
123,uc.cn
123,veinteractive.com
123,voluumtrk3.com
125,adforgeinc.com
125,ad-srv.net
125,api-05.com
125,clevernt.com
125,ctasnet.com
125,mookie1.com
125,moonfruit.com
125,yottos.com
126,adroll.com
126,domptorang.com
126,ethereum-pocket.de
126,mateti.net
126,mbai.cn
126,oewabox.at
126,uoldid.ru
127,alcmpn.com
127,travidia.com
128,getui.com
128,iprom.net
128,mepirtedic.com
129,betconstruct.com
129,cobaltgroup.com
129,duapps.com
129,eurekster.com
129,streamsend.com
130,basebanner.com
130,blizzbauta.com
130,cryptaloot.pro
130,freshmarketer.com
131,adsame.com
131,iovation.com
131,onderhost.com
131,zatcurr.com
132,bidr.io
132,evolvemediallc.com
132,fmkfzc.com
132,lijit.com
133,elbavietnam.com
133,xiaomi.com
134,888casino.com
134,advon.net
134,iocnt.net
134,plista.com
135,crossrider.com
135,devphp.org.ua
135,eth-pocket.com
135,monarchads.com
135,proporr.com
135,viewdeos.com
135,whoson.com
136,0juwrq36.ru
136,casinotropez.com
136,eth-pocket.de
136,eth-pocket.eu
136,exe.bid
136,fastclick.net
136,goforandroid.com
136,hateflux.com
136,putags.com
137,am15.net
137,free.fr
137,hashing.win
137,hostedprebid.com
137,sextracker.de
137,ucweb.com
137,userzoom.com
138,76236osm1.ru
138,ethtrader.de
138,onedrive.su
138,sharing-is-caring.info
138,umeng.com
138,webassembly.stream
138,webmine.cz
139,adtarget.com.tr
139,ay.delivery
139,devatics.com
139,europacasino.com
139,extremereach.com
139,keytone.net
139,teljari.is
140,adforce.team
140,begun.ru
140,conduit.com
140,guidegoods.net
140,ovaarmor.com
140,xxx-hunt-er.xyz
141,advangelists.com
141,beampulse.com
141,ezakus.net
141,None
142,adpost.com
142,moat.com
142,newrelic.com
142,omiki.com
142,servedbyopenx.com
142,splicky.com
142,vungle.com
142,wanadoo.fr
143,fitanalytics.com
143,mpnrs.com
144,adxcore.com
144,freecontent.stream
144,genieessp.com
144,taobao.com
145,flurry.com
145,focalink.com
145,mainroll.com
145,mob.com
146,admanmedia.com
146,populr.me
146,webmine.pro
147,ad.gt
147,safecart.com
147,szlftjcm.in
147,teads.tv
147,tns-cs.net
148,extole.com
148,rontar.com
148,taboola.com
149,adsb4trk.com
149,mtree.com
149,sensorsdata.cn
149,umbel.com
150,zango.com
151,tracdelight.com
151,yektanet.com
152,padssup.com
152,vertamedia.com
153,onion.top
153,tubemogul.com
154,adsrvr.org
154,emerse.com
154,ezua.com
154,microsoft.com
154,rsvpgenius.com
154,sabavision.com
154,thisisyourchangeqq.com
154,tsx.org
154,tumblr.com
154,zzz.com.ua
155,home.pl
156,applovin.com
156,freecontent.bid
156,industrybrains.com
156,tribalfusion.com
158,miaozhen.com
158,nakanohito.jp
159,cjt1.net
159,gstatic.com
159,loading-delivery2.com
159,rayjump.com
159,vizu.com
159,zedo.com
161,braze.eu
161,etcodes.com
161,photorank.me
162,aaacompany.net
162,froekuge.com
163,adventori.com
163,agillic.eu
163,novem.pl
163,paperg.com
164,admicro.vn
164,fractionalmedia.com
164,push-ad.com
164,redtram.com
165,adswizz.com
165,buysellads.com
165,omnitagjs.com
165,vindicosuite.com
166,effectivemeasure.net
166,sharepoint.com
167,popmarker.com
168,alternativecpmgate.com
168,directlinkkpush.com
168,marketo.com
168,netapplications.com
169,maconslab.com
169,teracreative.com
171,had.su
171,thetradedesk.com
171,trellian.com
173,chango.com
173,technoratimedia.com
174,pathful.com
174,takru.com
175,admailtiser.com
175,emlnk.com
175,etarg.ru
175,freestats.com
175,zorpia.com
176,at.ua
176,bystfied.pro
176,trafficfactory.biz
177,acecounter.com
177,himfinn.com
177,jlxnesex.in
177,pontogrot.com
178,infolinks.com
179,epom.com
179,foxpush.com
180,adobedc.net
180,bigbangempire.com
180,geovisite.com
180,intellicontact.com
180,ipromote.com
180,quotes.com
181,ed.mu
181,gemius.pl
181,geotargetly.co
181,wallymac.com
182,contextweb.com
182,tns-gallup.dk
183,holm.ru
183,optimatic.com
183,vinerteen.com
184,adriver.ru
184,privy.com
185,apptap.com
185,boonmower.com
185,mediamath.com
185,overture.com
185,unity3d.com
189,advertserve.com
189,jkub.com
189,tahaplap.com
189,zooplus.com
190,ex6.ru
190,zooplus.it
191,hpg.com.br
193,cmcm.com
193,minercircle.com
193,pushails.com
194,freecontent.date
195,keen.io
195,tynt.com
196,datamind.ru
196,rf.gd
197,sophi.io
197,sundaysky.com
198,fopyirr.com
198,najva.com
198,p2l.info
198,rubiconproject.com
199,datasecu.download
199,targetnet.com
200,alphonso.tv
200,brazabaya.com
200,fyber.com
200,revsci.net
201,exponea.com
202,rfksrv.com
203,great-site.net
203,youme.im
204,emarketer.com
204,inclk.com
204,materdunst.com
204,msn.com
204,sentry.io
206,callrail.com
207,ezanga.com
208,rtbtradein.com
209,adaos-ads.net
209,aebn.net
209,lp4.io
209,vealsithe.com
210,247-inc.net
210,kraskula.com
210,nut.cc
211,cqcounter.com
211,ringbalor.com
213,adlooxtracking.com
214,media-toolbar.com
215,effectiveperformancenetwork.com
215,halldata.com
217,amobee.com
218,cmbestsrv.com
218,publicvm.com
218,sumo.com
219,mendilobo.com
219,travelpayouts.com
220,affilbox.cz
220,apsalar.com
220,audienceplay.com
220,dimestore.com
220,urlcash.net
221,adconion.com
221,corolbugan.com
222,gameplansession.com
222,justpremium.com
225,tresensa.com
226,ascotsprue.com
226,frascuft.com
226,onthe.io
226,we-stats.com
227,googlesyndication.com
227,webnode.com
229,adsbtrack.com
229,dol.ru
230,dlads.cn
230,ketteaero.com
230,pointroll.com
232,adozeuds.com
232,mimilcnf.pro
232,webcindario.com
233,akadns.net
233,clickability.com
233,co.vu
233,emediate.eu
235,feathr.co
235,tealiumiq.com
236,adglare.net
236,adkontekst.pl
238,tvsquared.com
239,page.link
240,bpmonline.com
241,afftrack.com
242,beeppool.org
242,clawed.info
242,pp8.com
242,research.de.com
243,frosmo.com
243,switchadhub.com
244,adhigh.net
245,adk2x.com
245,antillephone.com
245,cncluster.net
245,cnzz.com
245,uscluster.com
245,uscluster.net
247,istlandoll.com
247,rutarget.ru
248,fastsize.ru
248,pileanoted.com
249,easyhash.de
251,atwebpages.com
251,govtax.com
252,baidu.com
253,360.cn
254,drivecleaner.com
254,rucluster.net
255,xxuz.com
258,wysistat.com
262,lockerdome.com
265,adnexus.net
265,checkm8.com
265,genieesspv.jp
269,erasercash.com
269,footprintpredict.com
269,mybestmv.com
270,popupad.net
272,kjukenhi.in
272,nz.gs
272,silverpop.com
273,adblade.com
273,adnext.fr
277,gogvo.com
278,abtasty.com
278,d41.co
278,wt-eu02.net
279,xiald.com
280,tiznmktqel.com
281,xiti.com
282,adlightning.com
282,xad.com
282,yesup.net
283,accengage.net
284,inpref.com
285,appboy.com
285,kargo.com
285,nickymaru.com
285,optimove.net
287,ato.mx
287,hangoutathome.com
287,hurra.com
288,hotwords.es
288,readnotify.com
289,dmanalytics1.com
289,profitablegate.com
290,aosau.net
292,linkpc.net
293,2mdn.net
293,edgekey.net
294,gotostat.ru
296,actonsoftware.com
298,atemda.com
298,dataunlocker.com
298,special-offers.online
301,hu.tl
302,inmobi.com
302,kochava.com
302,rdsb2.club
303,comscore.com
303,yahoo.com
304,axf8.net
305,admo.tv
305,levitrawelloch.in
305,minescripts.info
305,nativespot.com
310,goitcl.com
310,lishuanghao.com
312,spannflow.com
313,nbryb.com
313,preview-domain.com
313,win-update.com
314,crazyegg.com
314,edvfwlacluo.com
319,easyhash.io
321,mybestdc.com
323,2track.info
323,media.net
324,btttag.com
329,wonderpush.com
335,newsletter-link.com
337,wordpress.com
338,silveregg.net
339,crypto-webminer.com
341,gmai.com
342,giveitallhereqq.com
344,tailtarget.com
348,openx.org
348,wikaba.com
349,getambassador.com
352,groupm.com
355,vrvm.com
357,epizy.com
358,demdex.net
358,hemnes.win
359,dnset.com
360,zooplus.es
362,888.com
362,i2i.jp
362,mybetterdl.com
363,go2affise.com
363,nazwa.pl
364,moatads.com
366,aba.ae
366,dashbida.com
366,google.com
366,push4site.com
366,zeroredirect1.com
369,futurenet.club
370,report-uri.io
370,vmn.net
374,zoosnet.net
376,15gifts.com
378,yi.org
380,kir.jp
381,multiview.com
382,ampclicks.com
384,estara.com
386,advertstream.com
391,dynamic-dns.net
392,coolinc.info
393,youradexchange.com
398,corbina.ru
399,iwanttodeliver.com
401,meegmfio.in
402,hittail.com
409,adap.tv
411,highperformancecpm.com
411,lfstmedia.com
416,deltadna.net
416,luxup.ru
416,qumoz.net
417,eacdn.com
418,admarketplace.net
418,newslivetime.com
418,popunder.ru
420,adnow.com
420,wemfbox.ch
423,provenpixel.com
424,eresmas.net
432,aliyuncs.com
433,usercash.com
436,kld666.com
442,smartadserver.com
446,adperfect.com
452,moatpixel.com
455,appnexus.com
456,edmontonbrandpartnerevents.com
458,onion.to
464,nuggad.net
465,weebly.com
466,placelocal.com
468,gettop.info
470,demandbase.com
471,adotmob.com
471,is-best.net
475,firstpromoter.com
485,22web.org
490,xxxxxxxx.jp
492,pushalert.co
501,effectivecpmgate.com
501,talkfusion.com
502,softonic.it
503,adoric-om.com
505,apserver.net
506,co.tv
507,revenuewire.net
508,lmyiwaakn.com
508,ositracker.com
508,siteapps.com
510,vkcache.com
512,lop.com
513,3322.net
517,minero.pw
518,ejtm.com
524,hut1.ru
524,ns8ds.com
525,podfdch.com
525,sociaplus.com
530,whiteboxdigital.ru
532,mgid.com
534,7wkw.com
535,daraz.com
535,svcoding.com
539,aosag.net
541,bravenet.com
542,igg.biz
543,h16.ru
545,fastly-analytics.com
545,vicp.cc
546,jaysbrand.com
546,voluumtrk2.com
549,px-cloud.net
551,onmypc.net
552,evergage.com
557,imrworldwide.com
559,mystat-in.net
560,notifysrv.com
561,adspirit.de
563,0fees.net
565,hotwords.com
566,doubleverify.com
571,godaddysites.com
574,sg-host.com
577,mycdn.co
577,passtechusa.com
581,sharpspring.com
582,reachlocal.com
583,traffic-c.com
588,luckyorange.com
589,admaster.com.cn
596,gsspcln.jp
601,only-real-news.com
602,omtrdc.net
608,adultfriendfinder.com
609,leadnote.me
612,httpdsconfig.com
613,maxgrowth.ru
620,mrbasic.com
621,perimeterx.net
623,passeura.com
631,celtra.com
637,bzhualin.com
644,measurementapi.com
654,c3tag.com
667,adnxs.com
667,redirectvoluum.com
669,websitewelcome.com
671,bmetrack.com
686,actonservice.com
693,yyjvimo.com
698,pvclouds.com
701,sitescout.com
703,webtrekk.net
709,sphostserver.com
718,duapp.com
734,ero-advertising.com
736,9xiazaiqi.com
740,amgdgt.com
742,infopicked.com
747,g2afse.com
748,cz.cc
750,xsph.ru
762,reporo.net
763,ampxchange.com
765,gmmfuelassist.co.uk
767,aoscufe.com
780,rdtk.io
786,getclicky.com
786,wapka.mobi
787,trackvoluum.com
792,iljmp.com
794,above.com
794,pushwoosh.com
795,ad6media.fr
798,fastly-insights.com
801,foxpush.net
802,eulerian.net
804,mydas.mobi
804,piwik.pro
823,leaddyno.com
828,kameleoon.eu
829,puserving.com
846,esomniture.com
851,pubmatic.com
864,bemobtrk.com
873,bannerflow.com
877,tctm.co
877,upravel.com
883,liveadvert.com
891,rtrk.com
892,rlets.com
893,me-talk.ru
920,fileave.com
932,adhese.com
944,pbphgwbr.in
955,postaffiliatepro.com
973,pushcrew.com
982,agilecrm.com
987,list.ru
989,criteo.com
989,splkmobile.com
990,bing.com
1004,web3000.com
1020,teradatadmc.com
1021,swrve.com
1052,3322.org
1061,optimizely.com
1063,mail.ru
1067,appier.net
1069,jivosite.com
1074,siteimproveanalytics.io
1116,cedexis-radar.net
1129,adk2.co
1148,underpains.duckdns.org
1169,rfihub.net
1182,tapfiliate.com
1207,ourtoolbar.com
1225,qq.com
1236,netmng.com
1236,openx.net
1250,xtgem.com
1394,mobileapptracking.com
1394,zooplus.de
1492,2o7.net
1507,bumlam.com
1517,beget.tech
1534,ubembed.com
1576,apponic.com
1610,t-online.de
1644,footprintdns.com
1693,matomo.cloud
1727,adtelligent.com
1728,avsvmcloud.com
1778,bh-mail.com
1795,clksite.com
1884,adx1.com
1895,bjk321.com
1947,meetrics.net
1958,online-metrix.net
1961,weborama.fr
2288,bluehornet.com
2298,voluumtrk.com
2415,usa.cc
2607,coinlab.biz
2663,puhtml.com
2747,tremorhub.com
2822,linkbucks.com
2884,omniture.com
3158,intellitxt.com
3267,drift.com
3318,adsco.re
3430,keywordblocks.com
3802,rfihub.com
3928,hitbox.com
4746,intercom.io
4777,mktoresp.com
5252,spylog.com
5527,casalemedia.com
5528,parsely.com
6840,co.cc
7241,clickbank.net
9502,000webhostapp.com
16138,emltrk.com
18006,euleriancdn.net
22260,doubleclick.net
71707,302br.net
