Count,,Hosts
364,,google.com
227,,googlesyndication.com
159,,gstatic.com
140,,advangelists.com
140,,beampulse.com
140,,ezakus.net
140,,guidegoods.net
139,,adtarget.com.tr
139,,conduit.com
139,,keytone.net
139,,ovaarmor.com
138,,devatics.com
138,,europacasino.com
138,,extremereach.com
137,,am15.net
137,,ethtrader.de
137,,hostedprebid.com
137,,umeng.com
136,,sextracker.de
136,,ucweb.com
136,,userzoom.com
135,,casinotropez.com
135,,eth-pocket.de
135,,fastclick.net
135,,goforandroid.com
135,,hateflux.com
135,,putags.com
134,,crossrider.com
134,,eth-pocket.com
134,,iocnt.net
134,,monarchads.com
134,,proporr.com
134,,viewdeos.com
134,,whoson.com
133,,888casino.com
133,,advon.net
133,,elbavietnam.com
133,,plista.com
133,,xiaomi.com
132,,bidr.io
131,,evolvemediallc.com
131,,fmkfzc.com
131,,lijit.com
130,,adsame.com
130,,iovation.com
130,,onderhost.com
130,,zatcurr.com
129,,basebanner.com
129,,blizzbauta.com
129,,freshmarketer.com
128,,betconstruct.com
128,,cobaltgroup.com
128,,eurekster.com
127,,alcmpn.com
127,,getui.com
127,,iprom.net
127,,mepirtedic.com
127,,streamsend.com
126,,travidia.com
125,,adroll.com
125,,domptorang.com
125,,duapps.com
125,,ethereum-pocket.de
125,,mateti.net
124,,adforgeinc.com
124,,ad-srv.net
124,,api-05.com
124,,clevernt.com
124,,ctasnet.com
124,,mookie1.com
124,,yottos.com
123,,smartclip.net
122,,adtdp.com
122,,measuremap.com
122,,veinteractive.com
122,,voluumtrk3.com
121,,brandreachsys.com
121,,conversantmedia.com
121,,criteo.net
121,,macromill.com
121,,sonobi.com
121,,supplyframe.com
121,,tapad.com
120,,baynote.net
120,,gumgum.com
120,,invitemedia.com
120,,markethero.io
120,,neodatagroup.com
120,,titanpoker.com
119,,ab4hr.com
119,,adledge.com
119,,gwallet.com
119,,imitrk.com
119,,pigglywigglyqq.com
119,,servedbyadbutler.com
119,,turn.com
118,,a8.net
118,,adition.com
118,,awempire.com
118,,goadservices.com
117,,3cinteractive.com
117,,admixer.net
117,,fluidsurveys.com
117,,outbrain.com
117,,usesfathom.com
117,,yongkang6.com
117,,zeroredirect5.com
116,,adserver.com
116,,bidswitch.net
116,,burstnet.com
116,,tacoda.net
115,,advertising.com
115,,mafianeedsyouqq.com
115,,milerteddy.com
115,,trvdp.com
115,,zeotap.com
114,,air360tracker.net
114,,appnexus.net
114,,bero-webspace.de
114,,engageya.com
114,,fwdservice.com
114,,placeiq.com
114,,pulsemgr.com
114,,yengo.com
113,,actnx.com
113,,biddingx.com
113,,pleisty.com
113,,sextracker.com
113,,spring-tns.net
113,,zanox-affiliate.de
113,,ziyu.net
112,,7k7k.com
112,,ad4mat.net
112,,funnwebs.com
112,,luyouxia.net
112,,midas-i.com
112,,naiadsystems.com
112,,securitymetrics.com
112,,sharethrough.com
112,,siteimprove.com
112,,web1000.com
112,,yousee.com
111,,fiksu.com
111,,hitslink.com
111,,pgpartner.com
110,,admedia.com
110,,miarroba.com
110,,mobfox.com
110,,msgapp.com
110,,performancetrustednetwork.com
110,,rakutenmarketing.com
110,,yamanoha.com
109,,51y5.net
109,,adprotect.net
109,,audtd.com
109,,groovinads.com
108,,aamapi.com
108,,adk2.com
108,,audienceinsights.net
108,,civicscience.com
108,,gravitec.net
108,,m2pub.com
108,,nsmartad.com
108,,spectate.com
108,,unless.com
108,,updatestar.com
107,,daum.net
107,,genhit.com
107,,leadzu.com
107,,notify6.com
107,,nuseek.com
106,,lifeimpressions.net
106,,make-cash-at-home.com
106,,mbww.com
106,,mp3bars.com
106,,partypoker.com
106,,reallifecam.com
105,,adsbtrk.com
105,,cux.io
105,,eloqua.com
105,,eskimi.com
105,,ioam.de
105,,localytics.com
104,,adspirit.net
104,,aureate.com
104,,catchtheclick.com
104,,clarivoy.com
104,,luminate.com
104,,no-ip.com
104,,webtrekk.com
104,,yahoosandbox.com
103,,8800.org
103,,admedit.net
103,,blastnotificationx.com
103,,eulerian.com
103,,jetswap.com
103,,mp3vizor.com
103,,soup.io
103,,thevtk.com
103,,trafficholder.com
103,,vgwort.de
103,,yuhuads.com
102,,adtech.de
102,,e-planning.net
102,,hpareyouhereqq.com
102,,hubtraffic.com
102,,iwon.com
102,,shinystat.com
102,,showheroes.com
102,,theappanalytics.com
102,,trccmpndmn.com
101,,copush.com
101,,emailretargeting.com
101,,handy-tab.com
101,,innovid.com
101,,restonovius.com
101,,tityx.com
101,,videoplayerhub.com
101,,weborama.com
101,,windows-display-service.com
101,,window-updates-service.com
100,,adminer.com
100,,bluekai.com
100,,dcmn.com
100,,edomz.com
100,,lasmeio.com
100,,sogou.com
100,,strands.com
99,,best-system-tools.com
99,,bounceexchange.com
99,,celeb-ads.com
99,,count.ly
99,,gohip.com
99,,immo-facile.com
99,,smaato.net
99,,spotxchange.com
98,,152media.com
98,,pxchk.net
97,,1mobile.com
97,,c3metrics.com
97,,idirect.com
97,,oghub.io
97,,px-cdn.net
96,,adform.com
96,,adtechus.com
96,,amazon-adsystem.com
96,,arrowservice.net
96,,wishloop.com
95,,antevenio.com
95,,df-srv.de
95,,permutive.com
95,,waptrick.com
94,,5profits.com
94,,adscience.nl
94,,hotchunman.com
94,,igodigital.com
94,,orrisbirth.com
94,,stackblitz.io
93,,appsflyer.com
93,,blatnet.com
93,,codns.com
93,,fromjamaicaqq.com
93,,healthgrades.com
93,,ipinyou.com
92,,aiwanma99.com
92,,atomex.net
92,,bitsngo.net
92,,ezodn.com
92,,lenovowantsyouqq.com
92,,lentainform.com
92,,toboads.com
92,,ucoz.com
91,,adunity.com
91,,boomtrain.com
91,,crwdcntrl.net
91,,mobvista.com
91,,surf-town.net
91,,xoxknct.com
90,,4pu.com
90,,clickpoint.com
90,,yieldmo.com
89,,5rocks.io
89,,adsage.com
89,,aniview.com
89,,chartboost.com
89,,ck-cdn.com
89,,clickintext.net
89,,exponential.com
89,,gpdi-lippocikarang.com
89,,justuno.com
89,,omeda.com
89,,pbterra.com
89,,umbler.net
89,,vidcpm.com
88,,foresee.com
88,,hellobar.com
88,,miui.com
88,,zeustechnology.com
87,,2kool4u.net
87,,circultural.com
87,,cnbole.net
87,,dmxleo.com
87,,id-visitors.com
87,,italazudda.com
87,,lakemneadows.com
87,,office.com
87,,solocpm.com
87,,undertone.com
87,,vicp.net
87,,yumenetworks.com
86,,adcolony.com
86,,pointbuysys.com
86,,retargeter.com
86,,sohu.com
86,,useitbetter.com
85,,babylon.com
85,,chickenkiller.com
85,,iqoption.com
85,,mdhv.io
85,,metalyzer.com
85,,startappservice.com
85,,vivocha.com
84,,17173.com
84,,adelement.com
84,,cloudtraff.com
84,,deqwas.net
84,,goonwithmazerqq.com
84,,marksypark.com
84,,medisonsteeltech.com
83,,adforum.com
83,,aoscmt.com
83,,cowsnbullz.com
83,,ec-optimizer.com
83,,msswz.com
83,,november-lax.com
83,,skuawill.com
83,,sprout-ad.com
83,,valassis.com
82,,engagetosell.com
82,,hammerhandz.com
82,,netcoresmartech.com
82,,openx.com
82,,otm-r.com
82,,purpledaily.com
82,,refresh-js.bitbucket.io
82,,signifyd.com
82,,tradedoubler.com
81,,csbew.com
81,,edgesuite.net
81,,fc2.com
81,,jeansowghsqq.com
81,,leadsmonitor.io
81,,mediego.com
81,,phunware.com
81,,presage.io
81,,target2sell.com
81,,tenmax.io
81,,usebutton.com
80,,a4g.com
80,,addthis.com
80,,dsultra.com
80,,getforge.io
80,,iadvize.com
80,,myroitracking.com
80,,resonate.com
80,,zooplus.nl
79,,adpies.com
79,,adtoox.com
79,,dynad.net
79,,ezojs.com
79,,hotjar.com
79,,lenovomaybenotqq.com
79,,nullrefexcep.com
79,,ogury.io
79,,ownlocal.com
79,,tapjoy.com
78,,ailacabs.com
78,,braze.com
78,,cometsystems.com
78,,mopub.com
78,,omniconvert.com
78,,pinion.gg
78,,qpoe.com
78,,videologygroup.com
77,,advanced-web-analytics.com
77,,cityads.com
77,,flashtalking.com
77,,freedynamicdns.org
77,,liveintent.com
77,,minergate.com
77,,ploooop.com
76,,clone147.com
76,,eclkmpbn.com
76,,mywebsearch.com
76,,netseer.com
76,,oldoutnewin.com
76,,traffer.net
76,,warzonedns.com
75,,adsafeprotected.com
75,,agilone.com
75,,bloggerads.net
75,,certified-toolbar.com
75,,helloyoungmanqq.com
75,,leadforensics.com
75,,poisedtoshrike.com
75,,profitabletrustednetwork.com
75,,stackadapt.com
75,,treasuredata.com
75,,unicaondemand.com
75,,userreport.com
74,,53kf.com
74,,adjust.com
74,,ad-stir.com
74,,mediaforge.com
74,,videoamp.com
74,,zeroredirect8.com
73,,ad2iction.com
73,,crittercism.com
73,,earn-binary.com
73,,knorex.com
73,,leadlander.com
73,,mixadvert.com
73,,oribi.io
73,,statdynamic.com
73,,styria-digital.com
73,,terraclicks.com
73,,tripod.com
72,,adplxmd.com
72,,ahcdn.com
72,,avazutracking.net
72,,gscontxt.net
72,,hyros.com
71,,adhood.com
71,,adkernel.com
71,,clevertap.com
71,,iperceptions.com
71,,mathtag.com
71,,memecounter.com
71,,moonfruit.com
71,,onanwhit.com
71,,redintelligence.net
71,,saambaa.com
71,,segmetrics.io
71,,vivtracking.com
71,,webxmr.com
71,,xapads.com
71,,zeroredirect2.com
70,,adbetnet.com
70,,contentabc.com
70,,fuse-cloud.com
70,,None
70,,pushbird.com
70,,webpu.sh
69,,adnuntius.com
69,,appodeal.com
69,,ethn.io
69,,fishdns.com
69,,fresh-js.bitbucket.io
69,,glassboxdigital.io
69,,hsdn.org
69,,indexexchange.com
68,,247-inc.com
68,,atianqi.com
68,,durasite.net
68,,easywayfodating.com
68,,exelator.com
68,,hyperphp.com
68,,ijinshan.com
68,,km-sea.net
68,,krxd.net
68,,magnify360.com
68,,myfreesites.net
68,,netrefer.com
68,,pas-rahav.com
68,,talkable.com
68,,widespace.com
67,,emarbox.com
67,,esearchvision.com
67,,kissmetrics.com
67,,looksmart.com
67,,mg2connext.com
67,,mightymagoo.com
67,,monerise.com
67,,roistat.com
67,,tidaltv.com
67,,trafficforce.com
67,,webhancer.com
66,,fyxm.net
66,,iplogger.org
66,,luxadv.com
66,,returnpath.net
66,,rktch.com
66,,smrtb.com
65,,adikteev.com
65,,adzerk.net
65,,askbot.com
65,,astrsk.net
65,,atwola.com
65,,bannersnack.com
65,,gosquared.com
65,,mooo.com
65,,notifyvisitors.com
65,,secureserver.net
65,,sex-tracker.com
65,,worldgravity.com
65,,wrengostic.com
64,,adengage.com
64,,admob.com
64,,adro.co
64,,calltracks.com
64,,cvtr.io
64,,go2cloud.org
64,,leadid.com
64,,opentracker.net
64,,richaudience.com
64,,webs.com
64,,yimg.com
63,,100free.com
63,,ad7.com
63,,crypto-loot.com
63,,dynip.org
63,,mediavine.com
63,,securestudies.com
63,,unrulymedia.com
62,,bmesarsodothmqoubieo.com
62,,cpm20.com
62,,exoclick.com
62,,feedify.net
62,,id5-sync.com
62,,jumplead.com
62,,oyi9f1kbaj.com
62,,scorecardresearch.com
62,,skf.com
62,,smutserver.com
62,,socdm.com
61,,chicoryapp.com
61,,creativecdn.com
61,,districtm.io
61,,dstillery.com
61,,f3322.net
61,,feed-xml.com
61,,heyzap.com
61,,sushipool.com
61,,tremorvideo.com
61,,urekamedia.com
61,,vpon.com
61,,whatshelp.io
61,,yieldbird.com
60,,adacado.com
60,,adorika.com
60,,allow-to-continue.com
60,,blismedia.com
60,,conductrics.com
60,,cubics.com
60,,dftoutiao.com
60,,elasticad.net
60,,glispa.com
60,,haravan.com
60,,ip-label.net
60,,juiceadv.com
60,,kliksaya.com
60,,letv.com
60,,safestcontentgate.com
60,,seoparts.net
60,,snapads.com
60,,truconversion.com
60,,updateacces.org
60,,viaxmr.com
59,,bbelements.com
59,,eagleplatform.com
59,,hellomisterbiznesqq.com
59,,im-apps.net
59,,insigit.com
59,,mysearch.com
59,,propellerads.com
59,,sambaads.com
59,,speedshiftmedia.com
59,,tnctrx.com
59,,webengage.com
59,,yesitisqqq.com
58,,803mine.com
58,,csgocpu.com
58,,getrockerbox.com
58,,kameleoon.com
58,,linkshare.com
58,,netster.com
58,,onenetworkdirect.com
58,,searchnut.com
58,,supersonicads.com
58,,thruport.com
58,,widerplanet.com
58,,wtoredir.com
58,,youku.com
58,,zemanta.com
57,,dailyblogzz.com
57,,hyprmx.com
57,,jeansowghtqq.com
57,,marchex.com
57,,reklamstore.com
57,,ximad.com
56,,163.com
56,,24pm-affiliation.com
56,,acquia.com
56,,adverserve.net
56,,b2b-mail.net
56,,clicktripz.com
56,,miva.com
56,,mxcdn.net
56,,nellgabrielle.com
56,,paycount.com
56,,quantserve.com
56,,saymedia.com
56,,stickyadstv.com
56,,trading-rtbg.com
56,,webtrends.com
56,,wizaly.com
56,,yotube.com
55,,201mb.com
55,,adsupply.com
55,,anchorfree.net
55,,appflood.com
55,,clicktale.com
55,,connatix.com
55,,consensu.org
55,,contentsquare.net
55,,hebiichigo.com
55,,ladsp.com
55,,minexmr.com
55,,nbhxgjz.com
55,,owneriq.net
55,,promoheads.com
55,,reviveservers.com
55,,rhythmone.com
55,,valuecommerce.com
55,,visualdna.com
55,,windows.net
54,,adacts.com
54,,akamai.net
54,,clrstm.com
54,,eyereturn.com
54,,httpool.com
54,,optim-cash.com
54,,plus.com
54,,sare25.com
54,,segmentify.com
54,,sleeknote.com
54,,twyn.com
54,,uodoo.com
54,,vervemobile.com
54,,wcomhost.com
54,,youboranqs01.com
54,,zorosrv.com
53,,aboutwebservices.com
53,,ampproject.org
53,,belableqq.com
53,,clicktale.net
53,,nativeads.com
53,,openstat.com
53,,paypopup.com
53,,quantcast.com
53,,reduxmedia.com
53,,salecycle.com
53,,sojern.com
53,,sovrn.com
52,,1rx.io
52,,fun-clix.com
52,,gatetocontent.com
52,,imlive.com
52,,iqiyi.com
52,,medi-8.net
52,,mediamind.com
52,,m-pathy.com
52,,statcounter.com
52,,wmcdp.io
51,,5gbfree.com
51,,appia.com
51,,applift.com
51,,atdmt.com
51,,deepintent.com
51,,fresh8.co
51,,gridsumdissector.com
51,,kontera.com
51,,leadbolt.com
51,,liteweb.net
51,,mobidea.com
51,,movad.de
51,,nabaza.com
51,,responsetap.com
51,,searchmagnified.com
51,,snplow.net
51,,tapsense.com
51,,tpbid.com
51,,xtremepush.com
50,,3221dkf7m2.com
50,,affinity.com
50,,airpush.com
50,,airserve.net
50,,decenterads.com
50,,fastclick.com
50,,groundtruth.com
50,,insticator.com
50,,livejasmin.com
50,,netavenir.com
50,,ojooo.com
50,,springserve.com
50,,xoalt.com
49,,59cn7.com
49,,adaware.com
49,,amazonaws.com
49,,betweendigital.com
49,,clickyab.com
49,,clmbtech.com
49,,globalmailer.com
49,,growingio.com
49,,idio.co
49,,llnw.net
49,,mediav.com
49,,mixpanel.com
49,,ntent.com
49,,nxtck.com
49,,roku.com
49,,sitemeter.com
49,,subscribers.com
49,,trafficjunky.com
49,,truex.com
49,,yieldify.com
48,,adspeed.net
48,,advertise.com
48,,algovid.com
48,,aralego.com
48,,bitterstrawberry.com
48,,dialogtech.com
48,,distralytics.com
48,,mafiawantsyouqq.com
48,,mgtv.com
48,,nichesite.org
48,,oadz.com
48,,perfectaudience.com
48,,pubnative.net
48,,reimageplus.com
48,,salemove.com
48,,seedtag.com
48,,ssl2anyone3.com
48,,tagdelivery.com
48,,triplelift.com
48,,triptease.net
48,,unaux.com
48,,verticalscope.com
48,,xcvgdf.party
48,,youmi.net
47,,6l1twlw9fy.com
47,,ad-brix.com
47,,adform.net
47,,adsonar.com
47,,adtelligence.de
47,,apptornado.com
47,,b-cdn.net
47,,bemobtrcks.com
47,,bidsopt.com
47,,gm99.com
47,,gotchosen.com
47,,inskinmedia.com
47,,jvzoo.com
47,,lporirxe.com
47,,nakedreel.com
47,,piglyeleutqq.com
47,,referralware.com
47,,republer.com
47,,sc-specialhost.com
47,,secretmedia.com
47,,sift.co
47,,silverpush.co
47,,smowtion.com
47,,snigelweb.com
47,,speednames.com
47,,supportxmr.com
47,,synerise.com
47,,ultranote.org
47,,voicefive.com
47,,yqjxzw.com
46,,550b3ikb9j.com
46,,7hu8e1u001.com
46,,admarvel.com
46,,appnext.com
46,,dsnextgen.com
46,,eb2a.com
46,,friendbuy.com
46,,gravity4.com
46,,increaserev.com
46,,jf71qh5v14.com
46,,rbnt.org
46,,revenuenetworkcpm.com
46,,skimresources.com
46,,twittor.co
46,,zap-webspace.com
45,,a2z.com
45,,acuityplatform.com
45,,admetric.io
45,,bidderrtb.com
45,,blogads.com
45,,bosspush.com
45,,creative-serving.com
45,,doublemax.net
45,,easysol.net
45,,green-red.com
45,,ilo134ulih.com
45,,inmobicdn.net
45,,kalooga.com
45,,kip5j.com
45,,ligatus.com
45,,modulepush.com
45,,monetate.net
45,,moreniche.com
45,,nexage.com
45,,nimiq-network.com
45,,opinionlab.com
45,,perion.com
45,,revjet.com
45,,scalaproject.io
45,,smartyads.com
45,,speedera.net
45,,topbucks.com
45,,yoc.com
44,,admatic.com.tr
44,,akamaihd.net
44,,collection-endpoint-prod.herokuapp.com
44,,convertcart.com
44,,digitaloptout.com
44,,eekrooha.com
44,,ematicsolutions.com
44,,eum-appdynamics.com
44,,funnelytics.io
44,,gameanalytics.com
44,,iqzone.com
44,,kantarmedia.com
44,,livebloggs.com
44,,personyze.com
44,,placed.com
44,,silvermob.com
44,,truoptik.com
44,,xn--pypl-q5bc.com
44,,yieldmanager.com
43,,10bet.com
43,,adgardener.com
43,,adinall.com
43,,adultterritory.net
43,,aimediagroup.com
43,,arendroukysdqq.com
43,,bnmla.com
43,,charter.com
43,,dianomi.com
43,,eeghegak.com
43,,f3322.org
43,,focalex.com
43,,gicp.net
43,,ironsrc.com
43,,ksmobile.com
43,,liftoff.io
43,,naver.com
43,,nend.net
43,,revcontent.com
43,,taptica.com
43,,top-site-list.com
43,,truepush.com
43,,zhiziyun.com
43,,zzux.com
42,,5nt1gx7o57.com
42,,accessintel.com
42,,acint.net
42,,addroid.com
42,,adgear.com
42,,adservice.com
42,,app-measurement.com
42,,downloadme.org
42,,dsparking.com
42,,fecebook.com
42,,infopro-insight.com
42,,leadfeeder.com
42,,mobusi.com
42,,mochiads.com
42,,mycdn2.co
42,,myqcloud.com
42,,oppomobile.com
42,,papayamobile.com
42,,pgcode.org
42,,smarterhq.io
42,,superstats.com
42,,vibrantmedia.com
41,,67frzna9e9.com
41,,6zw2rcfd.com
41,,aarki.net
41,,ad4game.com
41,,adcash.com
41,,adfalcon.com
41,,adverticum.net
41,,aimtell.com
41,,airbrake.io
41,,axelsfun.com
41,,callbackkiller.com
41,,clickterra.net
41,,cxense.com
41,,earthsolution.org
41,,goggle.com
41,,hellomydearqq.com
41,,hitcpm.com
41,,inboxdollars.com
41,,kugou.com
41,,monitoringservice.co
41,,mzol7lbm.com
41,,ndparking.com
41,,otzo.com
41,,pubexchange.com
41,,sentifi.com
41,,smaato.com
41,,sponsorpay.com
41,,tencentcs.com
41,,trafficjunky.net
41,,triptease.io
41,,trustedgatetocontent.com
41,,viapush.com
41,,voluum.com
40,,1st-investment.com
40,,adadapted.com
40,,admaxim.com
40,,adyun.com
40,,belahhoast.net
40,,bizible.com
40,,buzzcity.net
40,,clicksgear.com
40,,comze.com
40,,convertexperiments.com
40,,cssjs.co
40,,dating254.com
40,,effers.com
40,,extreme-dm.com
40,,filament-stats.herokuapp.com
40,,freelogs.com
40,,goneviral.com
40,,homebizhangout.com
40,,linksynergy.com
40,,mixpo.com
40,,nitrado.hosting
40,,noqukjy.com
40,,o4uxrk33.com
40,,optimizesrv.com
40,,runtnc.net
40,,sessionm.com
40,,sizmek.com
40,,skimlinks.com
40,,sonic4me.com
40,,sportdigi.com
40,,tappx.com
40,,valueclick.net
40,,yeahmobi.com
40,,zoommeetingsclassaction.com
39,,247realmedia.com
39,,33across.com
39,,360yield.com
39,,accessplugin.com
39,,adwo.com
39,,adyoulike.com
39,,americanexpress.com
39,,analoganalytics.com
39,,captifymedia.com
39,,eaziparish.com
39,,gdmconvtrck.com
39,,kaizenplatform.net
39,,mediaiqdigital.com
39,,myaffiliates.com
39,,onespot-tracking.herokuapp.com
39,,pflexads.com
39,,push-free.com
39,,recosenselabs.com
39,,revdepo.com
39,,seekmo.com
39,,sharezips.net
39,,spongecell.com
39,,thetreecentre.com
39,,viralninjas.com
39,,xunlei.com
39,,yandex.com
38,,ad-maven.com
38,,adworldmedia.com
38,,brainient.com
38,,bravesentry.com
38,,bttrack.com
38,,cfeucdn.com
38,,citrusad.com
38,,coinminerz.com
38,,cooladata.com
38,,cygnus.com
38,,d2-apps.net
38,,dt00.net
38,,foreseeresults.com
38,,fullstory.com
38,,googleadservices.com
38,,harrisretreat.com
38,,itemdb.com
38,,keymetric.net
38,,loading-delivery1.com
38,,misstrends.com
38,,nimiq.com
38,,resulticks.com
38,,sddan.com
38,,stroeermediabrands.de
38,,xicp.net
37,,aaxads.com
37,,appannie.com
37,,blablaworldqq.com
37,,blis.com
37,,class2deal.com
37,,clickiocdn.com
37,,highrevenuecpm.com
37,,hypercount.com
37,,ifeng.com
37,,keywee.co
37,,kinoprofi.org
37,,portmap.io
37,,pussl48.com
37,,registerservicedomains.com
37,,rtbanalytics.com
37,,sales-frontier.com
37,,sokrati.com
37,,strossle.com
37,,survata.com
37,,treehousei.com
37,,wzrkt.com
36,,acmetoy.com
36,,adbureau.net
36,,adsmoloco.com
36,,alkemics.com
36,,antvoice.com
36,,apple.com
36,,batmobi.net
36,,buzzoola.com
36,,dable.io
36,,datarating.com
36,,etargetnet.com
36,,freecountercode.com
36,,getsidecar.com
36,,jampp.com
36,,media6degrees.com
36,,mefound.com
36,,mmondi.com
36,,myfuncards.com
36,,onespot.com
36,,onscroll.com
36,,petametrics.com
36,,ruscams.com
36,,snssdk.com
36,,sochetat.net
36,,speediest.net
36,,streamrail.com
36,,tellapart.com
36,,trafficstars.com
36,,truehits.net
36,,wpu.sh
36,,xzipy.com
36,,yoochoose.net
36,,youdao.com
35,,0sywjs4r1x.com
35,,adadvisor.net
35,,apptimize.com
35,,automatad.com
35,,behe.com
35,,bighits.net
35,,brealtime.com
35,,casinorewards.com
35,,cloud-iq.com
35,,comyr.com
35,,cpmnetworkcontent.com
35,,e-contenta.com
35,,firebaseio.com
35,,getiton.com
35,,glam.com
35,,hicloud.com
35,,jungroup.com
35,,leadchampion.com
35,,marketgid.com
35,,monitus.net
35,,n3.net
35,,ovh.net
35,,pimproll.com
35,,predictad.com
35,,qualaroo.com
35,,scarabresearch.com
35,,sexmoney.com
35,,smadex.com
35,,swoop.com
35,,tinyclues.com
35,,under2given.com
35,,urldelivery.com
35,,valueclick.com
35,,vidoomy.com
35,,visiblemeasures.com
35,,xxxcounter.com
35,,yunos.com
34,,2015pharmacy.com
34,,66ghz.com
34,,airpr.com
34,,andomedia.com
34,,bet-at-home.com
34,,beusable.net
34,,bianxianmao.com
34,,bidsxchange.com
34,,datawrkz.com
34,,dc-storm.com
34,,ebesucher.de
34,,factinform.net
34,,fanplayr.com
34,,favbat.com
34,,flexispy.com
34,,funsafetab.com
34,,gostats.com
34,,hackfbaccount.com
34,,itisverygoodqq.com
34,,jolic2.com
34,,justsaywow.com
34,,leadsleap.com
34,,quinstreet.com
34,,simility.com
34,,smaclick.com
34,,smartnews-ads.com
34,,sparechange.io
34,,speedknow.co
34,,synacast.com
34,,trafficmagnates.com
34,,webspectator.com
34,,y6a7tqyr.com
34,,zenoviaexchange.com
33,,16mb.com
33,,1dmp.io
33,,3lift.com
33,,6ped2nd3yp.com
33,,95p5qep4aq.com
33,,absoluteclickscom.com
33,,addefend.com
33,,adotube.com
33,,adready.com
33,,adsymptotic.com
33,,adtheorent.com
33,,appsdorado.com
33,,axonix.com
33,,baifendian.com
33,,bfmio.com
33,,canddi.com
33,,ccgateway.net
33,,d0p21g2fep.com
33,,fgpp.com
33,,go.com
33,,haloapps.com
33,,imonomy.com
33,,installspeed.com
33,,izea.com
33,,jd.com
33,,ksmobile.net
33,,lie2anyone.com
33,,link4ads.com
33,,luxcdn.com
33,,maploco.com
33,,mxptint.net
33,,pushnami.com
33,,serving-sys.com
33,,skinstrip.net
33,,smart-traffik.com
33,,spoutable.com
33,,tiller.co
33,,udrivemyr54.com
33,,webinstats.com
33,,webtrekk-system.com
33,,whitesmoke.com
32,,advance.net
32,,aerserv.com
32,,batch.com
32,,coinnebula.com
32,,cpmprofitablecontent.com
32,,directtrack.com
32,,ec-concier.com
32,,esm1.net
32,,esthost.com
32,,firstimpression.io
32,,fromru.com
32,,ibillboard.com
32,,ignorelist.com
32,,linkpulse.com
32,,mouseflow.com
32,,mtvp05j.com
32,,mypcbackup.com
32,,nlwy0.com
32,,ptmind.com
32,,pubwise.io
32,,qucaigg.com
32,,revotas.com
32,,rnmd.net
32,,sandai.net
32,,scopely.io
32,,sitemaji.com
32,,sslblindado.com
32,,talk4fun.net
32,,tokoapril.com
32,,trovi.com
32,,uptolike.com
32,,wipe.de
32,,wshareit.com
31,,360i.com
31,,7fkm2r4pzi.com
31,,aatkit.com
31,,adnxs.net
31,,adsterra.com
31,,applause.com
31,,ayads.co
31,,blrqeqn.com
31,,braun634.com
31,,bthow.com
31,,cnomy.com
31,,dased.com
31,,dataxu.com
31,,digitaldsp.com
31,,eroadvertising.com
31,,extafiles.com
31,,facil-iti.com
31,,forkcdn.com
31,,frem.com
31,,hcworld.com
31,,iptrack.io
31,,itsaol.com
31,,juicyads.com
31,,lld2q.com
31,,marsads.com
31,,mediawayss.com
31,,motorpresse-statistik.de
31,,navegg.com
31,,newscgp.com
31,,pcspeedup.com
31,,picbucks.com
31,,securewebsiteaccess.com
31,,serveo.net
31,,si1ef.com
31,,supersonic.com
31,,umengcloud.com
31,,vcommission.com
31,,waardex.com
31,,wwwpromoter.com
30,,4strokemedia.com
30,,746fyw2v.com
30,,8ue9q7i.com
30,,adalliance.io
30,,adalyser.com
30,,adk2.net
30,,ad-miner.com
30,,adultadworld.com
30,,adultrevenueservice.com
30,,adverline.com
30,,azureedge.net
30,,bilescotrej.com
30,,bqiovml.com
30,,britepool.com
30,,busketball.com
30,,clickadu.com
30,,clkads.com
30,,digidip.net
30,,ezmob.com
30,,freefifa17coins.net
30,,goo4anywhere.com
30,,hicpm10.com
30,,interpolls.com
30,,inwemo.com
30,,jynp9m209p.com
30,,l4oecosq.com
30,,lfg5jnbi.com
30,,moba8.net
30,,nablabee.com
30,,netlify.com
30,,ooq5z.com
30,,openxenterprise.com
30,,pop6.com
30,,proprietes-privees.com
30,,ptarepjx.com
30,,pussl3.com
30,,putrr7.com
30,,siteswithcontent.com
30,,sophus3.com
30,,sspinc.io
30,,startapp.com
30,,subiz.com
30,,survey-smiles.com
30,,truefilen32.com
30,,uimserv.net
30,,webhostbox.net
30,,webtradehub.com
30,,wkanx.com
30,,zmctrack.net
30,,zyns.com
29,,0azx1.com
29,,0catch.com
29,,11hrcnll.com
29,,3gl.net
29,,78tdd75.com
29,,8digits.com
29,,adespresso.com
29,,adlibr.com
29,,advarkads.com
29,,adxxx.com
29,,apxlv.com
29,,bebi.com
29,,btvhdscr.com
29,,clickbooth.com
29,,crakmedia.com
29,,create2fear.com
29,,crispadvertising.com
29,,dh2xbuwg.com
29,,directrev.com
29,,dlzm790g.com
29,,eads.com
29,,ecircle-ag.com
29,,ed9wkbpy.com
29,,emxdgt.com
29,,fuseplatform.net
29,,gb0rd.com
29,,h5tjj3loy2.com
29,,h8vzwpv.com
29,,hdmtools.com
29,,heias.com
29,,hg8dc7bm.com
29,,hiug862dj0.com
29,,hot-mob.com
29,,hrzn-nxt.com
29,,i0s26ol9.com
29,,indoleads.com
29,,inskinad.com
29,,irs03.com
29,,kmip.net
29,,lkqd.com
29,,mobilefuse.com
29,,noddus.com
29,,offermatica.com
29,,oupe71eiun.com
29,,p5genexs.com
29,,plugrush.com
29,,prugskh.net
29,,pussl6.com
29,,putrr12.com
29,,qubitproducts.com
29,,redretarget.com
29,,retentionscience.com
29,,rtbidder.net
29,,seskeu3zk7.com
29,,stellaservice.com
29,,targetspot.com
29,,teasernet.com
29,,traffichaus.com
29,,tubetitties.com
29,,veruta.com
29,,viantinc.com
29,,visualrevenue.com
29,,zy16eoat1w.com
28,,adit-media.com
28,,adpushup.com
28,,adsbynimbus.com
28,,advalo.com
28,,affiliatewindow.com
28,,ajkzd9h.com
28,,amoad.com
28,,bestmanage.org
28,,cj.com
28,,clouddn.com
28,,convertglobal.com
28,,cpmprofitablenetwork.com
28,,doublepimp.com
28,,ebahpya.com
28,,engagio.com
28,,exoticads.com
28,,flycast.com
28,,funshion.com
28,,granify.com
28,,hapyak.com
28,,helloworldqqq.com
28,,isthebe.st
28,,jixie.io
28,,kbx1sth37s.com
28,,kilometrix.de
28,,mediaonenetwork.net
28,,mmstat.com
28,,mobileposse.com
28,,monetizemore.com
28,,noibu.com
28,,organiccrap.com
28,,p9oqu.com
28,,promotionsonlineusa.com
28,,prugskh.com
28,,r66at6sf.com
28,,rackcdn.com
28,,rtk.io
28,,speedcurve.com
28,,superfish.com
28,,tbv157xq.com
28,,tor2web.org
28,,ujccccb.com
28,,whs82908.com
28,,xev2o.com
28,,youappi.com
28,,younetmedia.com
28,,yudexjr.com
27,,2lwlh385os.com
27,,4f2sm1y1ss.com
27,,65vk1fba34.com
27,,a-ads.com
27,,acronym.com
27,,admarketplace.com
27,,admost.com
27,,adomik.com
27,,allhugeblog.com
27,,allhugenewz.com
27,,aquaplatform.com
27,,audsp.com
27,,avocet.io
27,,brand-display.com
27,,brightcove.com
27,,calltrackingmetrics.com
27,,chargeplatform.com
27,,cibntv.net
27,,cloudmobi.net
27,,cookiepro.com
27,,dxpmedia.com
27,,ezyro.com
27,,fivecdm.com
27,,freeresultsguide.com
27,,fwmrm.net
27,,giveitalltheresqq.com
27,,h-bid.com
27,,hostgator.com
27,,inuvo.com
27,,ivitrack.com
27,,kadam.net
27,,kazaa.com
27,,lkqd.net
27,,mainadv.com
27,,mycomputer.com
27,,mysdvvf.com
27,,mystartab.com
27,,naturalbid.com
27,,newzgames.com
27,,nexac.com
27,,nightbird.net
27,,ntalker.com
27,,pampers.com
27,,payserve.com
27,,publir.com
27,,pussl32.com
27,,qfdn3gyfbs.com
27,,random-logic.com
27,,reedbusiness.net
27,,rkdms.com
27,,rs-stripe.com
27,,serveuser.com
27,,smartlook.com
27,,smartocto.com
27,,sortable.com
27,,suitesmart.com
27,,tapdaq.com
27,,tapinfluence.com
27,,tfag.de
27,,thetrafficstat.net
27,,totalnicefeed.com
27,,transmatico.com
27,,upsight.com
27,,vantagetennis.com
27,,websteroidsapp.com
27,,x-traceur.com
27,,yllix.com
26,,126.net
26,,2waky.com
26,,acstat.com
26,,addoor.net
26,,adloop.co
26,,adthrive.com
26,,adtilt.com
26,,auxml.com
26,,buyusarx.com
26,,bytefence.com
26,,clicksor.net
26,,coinimp.com
26,,crewbuxonline.com
26,,errorsafe.com
26,,exacttargetapis.com
26,,flagcounter.com
26,,freedynamicdns.net
26,,fzkjxy.com
26,,gamingweb.de
26,,gcion.com
26,,gdskywings.com
26,,gravity.com
26,,greetingsyoungqq.com
26,,ktyawzg.com
26,,liadm.com
26,,listrakbi.com
26,,mobgold.com
26,,motrixi.com
26,,movad.net
26,,mpuqvoa.com
26,,nimp.org
26,,ometria.com
26,,omine.org
26,,optinmonster.com
26,,revolvermaps.com
26,,selfcampaign.com
26,,shucaihangjia.com
26,,snd.tc
26,,streamrail.net
26,,suroot.com
26,,talk4anyone.com
26,,taptapnetworks.com
26,,technical-service.net
26,,themoneytizer.com
26,,tremormedia.com
26,,uniqodo.com
26,,upalytics.com
26,,uymkdz9s.com
26,,vidora.com
26,,worldkickboxingcommission.com
26,,yiqifa.com
26,,zoossoft.net
25,,a0001.net
25,,accesstrade.net
25,,adhaven.com
25,,admaximize.com
25,,adnxs-simple.com
25,,adnz.co
25,,adobe.com
25,,adtwirl.com
25,,affilired.com
25,,agrantsem.com
25,,ahalogy.com
25,,aiclk.com
25,,altitude-arena.com
25,,angellrackets.com
25,,atas.io
25,,banyanhill.com
25,,brsrvr.com
25,,cdnads.com
25,,connectad.io
25,,connexity.net
25,,contentsfeed.com
25,,coreg-feed.com
25,,cpm10.com
25,,cqyirsc.com
25,,decibelinsight.net
25,,dnsdelegation.io
25,,firepowerministry.org
25,,freeze.com
25,,gsecondscreen.com
25,,hinet.net
25,,iasds01.com
25,,ilividnewtab.com
25,,imp2aff.com
25,,instreamatic.com
25,,integralads.com
25,,kromtech.net
25,,linkprice.com
25,,luckyorange.net
25,,marchex.io
25,,matomo.org
25,,mediaad.org
25,,mediarithmics.com
25,,mimicromax.com
25,,mugrikees.com
25,,mywebnerd.com
25,,oicssiq.com
25,,pinpoll.com
25,,ppcmate.com
25,,pyze.com
25,,retargetly.com
25,,roulettebotplus.com
25,,samsungacr.com
25,,sepyra.com
25,,sharethis.com
25,,specificmedia.com
25,,synergize.co
25,,tentaculos.net
25,,tnkfactory.com
25,,trackalyzer.com
25,,tr.ht
25,,u1trkqf.com
25,,umiwi.com
25,,x24hr.com
25,,yahoodaily.com
24,,0x1f4b0.com
24,,52pk.com
24,,addapptr.com
24,,adjug.com
24,,adlabsnetworks.com
24,,admission.net
24,,adtechjp.com
24,,akamaized.net
24,,bidtellect.com
24,,bliink.io
24,,bugs3.com
24,,cheqzone.com
24,,cmptch.com
24,,cognativex.com
24,,crabdance.com
24,,crsspxl.com
24,,dns04.com
24,,engageclick.com
24,,exposebox.com
24,,forexyard.com
24,,ircfast.com
24,,jeeng.com
24,,jssearch.net
24,,justdied.com
24,,keyade.com
24,,likebtn.com
24,,logrocket.io
24,,mrface.com
24,,netadclick.com
24,,openinstall.io
24,,ottimosoft1.com
24,,poptm.com
24,,quisma.com
24,,radiumone.com
24,,realmemobile.com
24,,selectablemedia.com
24,,sendgrid.net
24,,sharedsource.org
24,,snrbox.com
24,,socialprofitmachine.com
24,,strangled.net
24,,thench.net
24,,toprevenuecpmnetwork.com
24,,trackedweb.net
24,,truecaller.com
24,,usingyourgifts.com
24,,vespymedia.com
24,,viewdns.net
24,,wozinga.com
24,,yieldoptimizer.com
23,,1lo0.net
23,,6te.net
23,,achievablecpmrevenue.com
23,,adreactor.com
23,,afy11.net
23,,aggregateknowledge.com
23,,aim4media.com
23,,ajplugins.com
23,,alicdn.com
23,,ameritech.net
23,,aol.com
23,,apptentive.com
23,,atinternet.com
23,,attributionapp.com
23,,beintoo.com
23,,bnqt.com
23,,boxmode.io
23,,brandads.net
23,,brilliantcollector.com
23,,byethost6.com
23,,callmeasurement.com
23,,clickzs.com
23,,comxcast.net
23,,cracklib.net
23,,ctnsnet.com
23,,dbbsrv.com
23,,de17a.com
23,,debitcrebit669.com
23,,digitalthrottle.com
23,,dlcodes.com
23,,dmtracker.com
23,,dpstack.com
23,,dsnrmg.com
23,,dyntrk.com
23,,estat.com
23,,fartit.com
23,,freepay.com
23,,gtags.net
23,,hlserve.com
23,,ientry.com
23,,ikwb.com
23,,innity.com
23,,jcloudcdn.com
23,,klontrek.org
23,,mb01.com
23,,mediatek.com
23,,okanjo.com
23,,onion.pet
23,,otherlevels.com
23,,otoshiana.com
23,,percycle.com
23,,platrium.com
23,,pushspring.com
23,,quantcount.com
23,,shortest-route.com
23,,snack-media.com
23,,storetail.io
23,,traffic-media.co
23,,vidcoin.com
23,,visitor-analytics.io
23,,vrtzads.com
23,,whoaremyfriends.com
23,,whoaremyfriends.net
23,,wowtrk.com
23,,xxxblackbook.com
23,,xxxnations.com
23,,yandexadexchange.net
23,,zendesk.com
23,,zentrick.com
22,,246546.com
22,,2go7v1nes8.com
22,,2iiyrxk0.com
22,,3animalsex.com
22,,42web.io
22,,5visions.com
22,,8866.org
22,,99lnk.com
22,,acs86.com
22,,ad-center.com
22,,adcentriconline.com
22,,adclerks.com
22,,addshoppers.com
22,,adscale.de
22,,adservd.com
22,,adskeeper.com
22,,adsplay.net
22,,adtiming.com
22,,adtrace.org
22,,adup-tech.com
22,,albacross.com
22,,angelfire.com
22,,appbrain.com
22,,awecr.com
22,,bg6s0.com
22,,bluelithium.com
22,,c9users.io
22,,chartbeat.net
22,,combotag.com
22,,com.com
22,,cootlogix.com
22,,datatrics.com
22,,digital-metric.com
22,,emailies.com
22,,etracker.com
22,,etrigue.com
22,,hookuptoday4.com
22,,imrk.net
22,,keyrun.com
22,,koddi.com
22,,ku6.com
22,,leadboxer.com
22,,leadmanagerfx.com
22,,leiki.com
22,,likesyou.org
22,,longmusic.com
22,,monetizer101.com
22,,multiscreensite.com
22,,ndg.io
22,,ns1p.net
22,,onmypc.org
22,,pampopholf.com
22,,plexop.com
22,,pokkt.com
22,,pptv.com
22,,qjjto.com
22,,reactful.com
22,,reutersnewsonline.com
22,,rqmob.com
22,,searchdiscovered.com
22,,searchmiracle.com
22,,sekindo.com
22,,smct.co
22,,sn00.net
22,,softpopads.com
22,,sogoucdn.com
22,,speedbit.com
22,,startappnetwork.com
22,,surge.sh
22,,survicate.com
22,,tr553.com
22,,trakken.de
22,,usefomo.com
22,,velti.com
22,,videobox.com
22,,vm5apis.com
22,,woopra.com
22,,xmrpool.net
22,,yieldmanager.net
22,,yu0123456.com
21,,360safe.com
21,,36500.com
21,,86a6b542l7.com
21,,890m.com
21,,acxiomapac.com
21,,adamatic.co
21,,adinch.com
21,,admin5.com
21,,adnet.de
21,,adreach.co
21,,adsbro.com
21,,ad-score.com
21,,adspruce.com
21,,ad-survey.com
21,,adtlgc.com
21,,adxcel-ec2.com
21,,alibaba.com
21,,alibabadns.com
21,,allyes.com
21,,ambient-platform.com
21,,anquan.org
21,,aoldaily.com
21,,bango.net
21,,beparaspr.com
21,,bestrevenuenetwork.com
21,,betterinstaller.com
21,,blamads.com
21,,browsermine.com
21,,bugherd.com
21,,byteoversea.com
21,,camsoda.com
21,,cfts1tifqr.com
21,,clickadilla.com
21,,clickzzs.nl
21,,consumable.com
21,,cxpublic.com
21,,elitedollars.com
21,,ensighten.com
21,,friendsearch.com
21,,frontegg.com
21,,giraff.io
21,,globalwebindex.net
21,,histats.com
21,,hoo1luha.com
21,,host4c.com
21,,hunantv.com
21,,inpwrd.com
21,,jetos.com
21,,leadformix.com
21,,livesession.io
21,,lndata.com
21,,luckyducknet.com
21,,madisonlogic.com
21,,medialytics.com
21,,navdmp.com
21,,novaonx.com
21,,o-s.io
21,,outster.com
21,,pcpitstop.com
21,,polyad.net
21,,prebid.org
21,,ptengine.com
21,,pxi.pub
21,,q0zsp5e3dv.com
21,,responsiveads.com
21,,revimedia.com
21,,rocketfuel.com
21,,rtb123.com
21,,ruu-dee.com
21,,smartadtags.com
21,,sophang8.com
21,,sportsinteraction.com
21,,stat24.com
21,,stempora.com
21,,tabmo.io
21,,tanx.com
21,,trafficbass.com
21,,trafficshop.com
21,,trilogyed.com
21,,turboadv.com
21,,typeform.com
21,,uproar.com
21,,w55c.net
21,,xxxwebtraffic.com
21,,yieldlove-ad-serving.net
21,,yume.com
20,,1stok.com
20,,7hor9gul4s.com
20,,8s32e590un.com
20,,aavalue.com
20,,acloudvideos.com
20,,addynamo.com
20,,adintend.com
20,,adlink.net
20,,admanage.com
20,,adrizer.com
20,,advanbusiness.com
20,,advertnative.com
20,,adxadserv.com
20,,ahadns.net
20,,aidata.io
20,,anquanzhuomian.com
20,,anymad.com
20,,asianmedia.com
20,,auditude.com
20,,binomo.com
20,,calls.net
20,,cedato.com
20,,cnndaily.com
20,,cookingluck.com
20,,dacash.com
20,,dataforce.net
20,,dimml.io
20,,directprimal.com
20,,dotmetrics.net
20,,dt07.net
20,,ebayrtm.com
20,,e-goi.com
20,,facebook.net
20,,falkag.net
20,,freetzi.com
20,,hatagashira.com
20,,huya.com
20,,hyperbanner.net
20,,improvedigital.com
20,,jobsadvanced.com
20,,join4free.com
20,,klangoo.com
20,,leadzutw.com
20,,lemmatechnologies.com
20,,logsss.com
20,,matomy.com
20,,maxbounty.com
20,,mobilegamestats.com
20,,mojn.com
20,,movcpm.com
20,,my-board.org
20,,navigator.io
20,,newtueads.com
20,,notmining.org
20,,nvidia.com
20,,oktopost.com
20,,omettoequipamentos.com
20,,onlinesucces.nl
20,,opera.com
20,,optimahub.com
20,,pagecount.com
20,,phoenix-widget.com
20,,pixanalytics.com
20,,polarmobile.com
20,,postrelease.com
20,,prudsys-rde.de
20,,pubstack.io
20,,redirect.com
20,,rlcdn.com
20,,samsung.com
20,,scupio.com
20,,serv-ac.com
20,,sessioncam.com
20,,smilewanted.com
20,,snoobi.com
20,,speakol.com
20,,specificclick.net
20,,sponsormob.com
20,,topprofitablegate.com
20,,traffichunt.com
20,,trafflow.com
20,,trafmag.com
20,,trendemon.com
20,,uod2quk646.com
20,,upgradenow24.com
20,,useriq.com
20,,viboom.com
20,,vipmerchantclub.com
20,,visitorqueue.com
20,,vivoglobal.com
20,,vwo.com
20,,walmeric.com
20,,wifi-hacker.org
20,,yemonisoni.com
20,,youramigo.com
20,,y-track.com
19,,10001mb.com
19,,114la.com
19,,360in.com
19,,55labs.com
19,,6ub9kwj.com
19,,accelia.net
19,,ad4mat.com
19,,adasiaholdings.com
19,,adecn.com
19,,admin-mcas-gov.ms
19,,adnigma.com
19,,adohana.com
19,,adsfactor.net
19,,adventurefeeds.com
19,,adview.com
19,,advolution.de
19,,alwqfajh.com
19,,avast.com
19,,bdash-cloud.com
19,,belboon.de
19,,cas.ms
19,,cjb.net
19,,clickcertain.com
19,,clickz.com
19,,commandersact.com
19,,conative.de
19,,connextra.com
19,,cpmstar.com
19,,datafeedfile.com
19,,dns05.com
19,,dotomi.com
19,,dynssl.com
19,,eboundservices.com
19,,emailind.com
19,,filesforgames.com
19,,g22rbb7.com
19,,gaconnector.com
19,,gamerbutler.com
19,,hadarone.com
19,,hasmobi.net
19,,headcustomtennis.com
19,,hohosearch.com
19,,hopfeed.com
19,,idtargeting.com
19,,implix.com
19,,indiatimes.com
19,,indicative.com
19,,integral-marketing.com
19,,intenthq.com
19,,jumpingcrab.com
19,,kxcdn.com
19,,linkwithin.com
19,,localmediabuying.com
19,,loopme.com
19,,mcboo.com
19,,mediacategory.com
19,,mediasmart.io
19,,modaatevoce.com
19,,mozilla.org
19,,mtburn.com
19,,mybluemix.net
19,,myutilitydomain.com
19,,nimiqpool.com
19,,optimus-cash.com
19,,over-blog.com
19,,pisem.net
19,,popcash.net
19,,popunder.net
19,,proper.io
19,,publicidad.net
19,,publift.com
19,,pulleymarketing.com
19,,pureleads.com
19,,purpleflag.net
19,,putrr16.com
19,,qsrch.com
19,,rawasy.com
19,,realytics.io
19,,rediff.com
19,,rhythmxchange.com
19,,sam4m.com
19,,sbcglobal.net
19,,searchwho.com
19,,sellpoints.com
19,,serveusers.com
19,,sexlist.com
19,,shoelace.com
19,,skyglue.com
19,,sla.org
19,,smartclick.net
19,,solvusoft.com
19,,s-onetag.com
19,,spotify.com
19,,ssl443.org
19,,steelhousemedia.com
19,,tenjin.io
19,,trackonomics.net
19,,tudown.com
19,,usnewssite.com
19,,valuead.com
19,,vizvaz.com
19,,worthhummer.net
19,,wsod.com
19,,xiaomi.net
19,,yieldlab.net
19,,zeronaught.com
19,,zhudiaosz.com
18,,2no.co
18,,activeboard.com
18,,adformdsp.net
18,,adgrx.com
18,,adonnews.com
18,,adrolays.de
18,,advertisingbox.com
18,,adways.com
18,,affilae.com
18,,appadhoc.com
18,,asiafriendfinder.com
18,,atspace.org
18,,bizo.com
18,,blueadvertise.com
18,,braincash.com
18,,byethost7.com
18,,c4tw.net
18,,cdnwidget.com
18,,cinarra.com
18,,clarity.ms
18,,comli.com
18,,conviva.com
18,,crowdskout.com
18,,datadoghq.com
18,,decideinteractive.com
18,,demdex.com
18,,digitalpush.org
18,,dns-cloud.net
18,,doglobal.net
18,,droppages.com
18,,emodoinc.com
18,,etiplasti.com
18,,exelbid.com
18,,exitintel.com
18,,fastapi.net
18,,freeforums.org
18,,fugetech.com
18,,gammaplatform.com
18,,get-cracked.com
18,,getpushmonkey.com
18,,hexun.com
18,,hostingerapp.com
18,,internetdocss.com
18,,iredirect.net
18,,isthereanybodyqq.com
18,,kovla.com
18,,laninesolution.com
18,,llnwd.net
18,,mautic.com
18,,mediafuse.com
18,,mediageneral.com
18,,mintegral.com
18,,mobrand.net
18,,mypressonline.com
18,,myspace.com
18,,nativendo.de
18,,nichetoplist.com
18,,oddcast.com
18,,offeroptimizer.com
18,,omgpm.com
18,,onecount.net
18,,outbrain.org
18,,pbstck.com
18,,phee1oci.com
18,,popads.net
18,,proof-x.com
18,,publicus.com
18,,publy.net
18,,pussl41.com
18,,pweaatek.com
18,,qlook.net
18,,realclever.com
18,,reiseeget.com
18,,sbcpower.com
18,,semalt.com
18,,senddroid.com
18,,sendsmtp.com
18,,shopathome.com
18,,shopimind.com
18,,silvercash.com
18,,siteencore.com
18,,smartology.co
18,,strikeiron.com
18,,sumome.com
18,,taboolasyndication.com
18,,taggify.net
18,,talk2none.com
18,,tattepush.com
18,,td553.com
18,,teodrus.com
18,,thubanconsultants.com
18,,tomshardware.com
18,,totalh.net
18,,trendmd.com
18,,twittercounter.com
18,,utorrent.com
18,,v-56.com
18,,variti.net
18,,vidtoe.com
18,,virusburst.com
18,,webads.nl
18,,weibo.com
18,,whoisvisiting.com
18,,wt-safetag.com
18,,youxiaoad.com
17,,2makestorage.com
17,,2performant.com
17,,4dex.io
17,,4irc.com
17,,56.com
17,,9966.org
17,,accengage.com
17,,actisens.com
17,,adapex.io
17,,adfactor.nl
17,,admtpmp127.com
17,,adoric.com
17,,adprimemedia.com
17,,adrevolver.com
17,,adrsp.net
17,,adservme.com
17,,adslivecorp.com
17,,adtrue.com
17,,adziff.com
17,,amazon.com
17,,amillionads.com
17,,anondns.net
17,,applifier.com
17,,arcadeweb.com
17,,aserverstats.com
17,,audiencemanager.de
17,,babylon-x.com
17,,bdimg.com
17,,beaconstreetservices.com
17,,bidtheatre.com
17,,bongacash.com
17,,bouncepilot.com
17,,browge.com
17,,btyou.com
17,,coccoc.com
17,,comlu.com
17,,contaboserver.net
17,,conyak.com
17,,cpmrocket.com
17,,croea.com
17,,datacoral.io
17,,delta-search.com
17,,digitalkites.com
17,,domainsponsor.com
17,,doubleclick.com
17,,dtxngr.com
17,,ezthemes.com
17,,facebook.com
17,,fajr.com
17,,filebulldog.com
17,,getenjoyment.net
17,,gorillanation.com
17,,govmetric.com
17,,haizhangs.com
17,,hcg82f2b.com
17,,iappleblog.net
17,,imgfarm.com
17,,imiclk.com
17,,impactradius-go.com
17,,impresionesweb.com
17,,inmobicdn.com
17,,isnssdk.com
17,,jetpackdigital.com
17,,joomla.com
17,,kejet.net
17,,korrelate.net
17,,kwnq4hg2n9.com
17,,lavanetwork.net
17,,lenzmx.com
17,,lexity.com
17,,lifestreet.com
17,,lightboxcdn.com
17,,live.com
17,,mediastinct.com
17,,mercent.com
17,,metrilo.com
17,,mi.com
17,,mmedia.com
17,,myartsonline.com
17,,mylftv.com
17,,neocities.org
17,,netvigie.com
17,,nucleodequalificacao.com
17,,ourtablets.com
17,,personaclick.com
17,,pplive.com
17,,prestadsng.com
17,,protocolospemail.com
17,,prtc.net
17,,realvu.net
17,,satismeter.com
17,,scanscout.com
17,,sibulla.com
17,,smileplz.com
17,,somee.com
17,,sometrics.com
17,,spylocked.com
17,,spywarequake.com
17,,t35.com
17,,textsrv.com
17,,tracking-genesisaffiliates.com
17,,trafficfabrik.com
17,,trafficgate.net
17,,trafficz.com
17,,trkclk.net
17,,upltv.com
17,,useproof.com
17,,virgul.com
17,,wbtrk.net
17,,wigetmedia.com
17,,wiredminds.de
17,,xdrig.com
17,,xtendmedia.com
17,,yandex.net
17,,yessearches.com
17,,yieldlove.com
17,,yovoads.com
17,,zeropark.com
16,,77tracking.com
16,,adcocktail.com
16,,aditic.net
16,,adnami.io
16,,adoptim.com
16,,adpopcorn.com
16,,adrecord.com
16,,adright.co
16,,adtrue24.com
16,,adviator.com
16,,adzmedia.com
16,,augur.io
16,,autodengi.com
16,,avazu.net
16,,awin.com
16,,baiduccdn1.com
16,,baofeng.net
16,,bcebos.com
16,,bidgear.com
16,,blueconic.net
16,,boomads.com
16,,brcdn.com
16,,bunchbox.co
16,,ccscserver.com
16,,chitika.net
16,,clickalyzer.com
16,,cointraffic.io
16,,co.nr
16,,contentinsights.com
16,,conversionlogic.net
16,,cpalock.com
16,,c-rings.net
16,,cuebiq.com
16,,datropy.com
16,,dcmn.io
16,,duba.net
16,,emetriq.de
16,,erne.co
16,,fast-hunter.com
16,,flashx.co
16,,gamevance.com
16,,gammae.com
16,,genesismedia.com
16,,gentags.net
16,,googleadultseo.com
16,,heapanalytics.com
16,,herokudns.com
16,,heytapmobile.com
16,,hockeyapp.net
16,,iklanumum.com
16,,ipredictive.com
16,,jsrdn.com
16,,keywordsconnect.com
16,,kickfire.com
16,,kiosked.com
16,,leadboltads.net
16,,linkconnector.com
16,,linkedin.com
16,,logaholic.com
16,,lzio.com
16,,mining711.com
16,,mobpowertech.com
16,,mypinpointe.com
16,,naked.com
16,,nastydollars.com
16,,nativex.com
16,,net16.net
16,,nimpool.io
16,,odoscope.com
16,,onedumb.com
16,,oteam.io
16,,pagechoice.net
16,,pixelinteractivemedia.com
16,,playtem.com
16,,predicta.net
16,,profitablecpmnetwork.com
16,,profliste.com
16,,prometalfunilaria.com
16,,qhigh.com
16,,qoijertneio.com
16,,qualtrics.com
16,,r3u8.com
16,,rampanel.com
16,,realcastmedia.com
16,,remintrex.com
16,,rmgserving.com
16,,rvty.net
16,,rwjfs.com
16,,salmonads.com
16,,scanguard.com
16,,scoldly.com
16,,sellclassics.com
16,,sersh.com
16,,sexcounter.com
16,,simpleviewinc.com
16,,spyoff.com
16,,statt-collect.herokuapp.com
16,,stormiq.com
16,,suntimes.com
16,,tactilews.com
16,,tajawal.com
16,,taskanalytics.com
16,,tczzzlwpss.com
16,,touchclarity.com
16,,toythieves.com
16,,ulcraft.com
16,,unikrn.com
16,,urbanairship.com
16,,utahelkwhisperer.com
16,,vendexo.com
16,,vntsm.com
16,,webterren.com
16,,wishabi.com
16,,wolterskluwer.com
16,,xplosion.de
16,,yesup.com
16,,ygto.com
16,,zaptop.org
15,,00go.com
15,,101com.com
15,,140proof.com
15,,40nuggets.com
15,,adaptiveads.com
15,,adhslx.com
15,,admulti.com
15,,adnium.com
15,,adrta.com
15,,adserverpub.com
15,,adservingfactory.com
15,,adsparc.com
15,,adstuna.com
15,,adtplatform.com
15,,adups.com
15,,advertica-cdn.com
15,,adverti.io
15,,afsanalytics.com
15,,amavalet.com
15,,amazingcounters.com
15,,appclick.co
15,,appcpi.net
15,,attracta.com
15,,australilocoealed.com
15,,b2c.com
15,,badsbads.com
15,,beemray.com
15,,belnk.com
15,,bitballoon.com
15,,bizographics.com
15,,bizzclick.com
15,,byethost4.com
15,,byethost9.com
15,,caroda.io
15,,center.io
15,,conad.com
15,,condordosaires.com
15,,deepchannel.com
15,,dpypzvjarj.com
15,,dynamicyield.com
15,,everyone.net
15,,ez-touch.net
15,,factual.com
15,,faxporn.com
15,,gravyanalytics.com
15,,hgub2polye.com
15,,hostingsiteforfree.com
15,,host.sk
15,,ib-ibi.com
15,,ign.com
15,,ilyonanalytics.herokuapp.com
15,,improvely.com
15,,imprvdosrv.com
15,,imzog.com
15,,intextad.net
15,,joins.com
15,,jungleheart.com
15,,kaprila.com
15,,kbzdxt.com
15,,kingwam.com
15,,linkexchange.com
15,,luxupcdnc.com
15,,measured.com
15,,mediaforce.com
15,,mediaplazza.com
15,,meibu.com
15,,monadplug.com
15,,mouse-meter.com
15,,mutinyhq.com
15,,mynsystems.com
15,,netease.com
15,,networkbench.com
15,,newoctads.com
15,,nowinteract.com
15,,oniad.com
15,,ourhobby.com
15,,pixfuture.com
15,,pph-server.de
15,,putrr14.com
15,,q1media.com
15,,qualityhealth.com
15,,r66net.com
15,,radiate.com
15,,ramsalt.com
15,,readpeak.com
15,,redfastlabs.com
15,,refban.com
15,,relappro.com
15,,relestar.com
15,,rtbsystem.com
15,,ryushare.com
15,,s20dh7e9dh.com
15,,s2sterra.com
15,,semasio.net
15,,semi-cod.com
15,,sexer.com
15,,sexinyourcity.com
15,,sfr.net
15,,shareaholic.com
15,,sharecash.org
15,,shopperreports.com
15,,showroomlogic.com
15,,simpleanalytics.io
15,,site50.net
15,,sitecompass.com
15,,skyactivate.com
15,,snappea.com
15,,starwave.com
15,,sunmaker.com
15,,sweetim.com
15,,swelen.com
15,,szm.com
15,,tagcade.com
15,,tapstream.com
15,,tclclouds.com
15,,tda.io
15,,tdcoincore.org
15,,terratraf.com
15,,theadx.com
15,,thehun.net
15,,tianjimedia.com
15,,tjq.com
15,,top4top.io
15,,topcities.com
15,,toprevenuenetwork.com
15,,tracdelight.io
15,,trackset.com
15,,trackuity.com
15,,traffim.com
15,,unity.com
15,,upasiansex.com
15,,upsellit.com
15,,vliplatform.com
15,,vpptechnologies.com
15,,web1337.net
15,,webminepool.com
15,,web-stat.com
15,,wellmov.com
15,,whitesaas.com
15,,wzdzht7am5.com
15,,yourfuckbook.com
15,,zaloapp.com
15,,zdworks.com
15,,zhilingshidai.com
15,,zodiakactive.com
15,,zucks.net
14,,247media.com
14,,aarki.com
14,,ad4mat.de
14,,adbrite.com
14,,addfreestats.com
14,,addwish.com
14,,adfirmative.com
14,,ad-flow.com
14,,ad-indicator.com
14,,ad-locus.com
14,,admagnet.net
14,,admeme.net
14,,adpone.com
14,,adultplex.com
14,,advmusic.net
14,,advsnx.net
14,,affiliate-b.com
14,,affili.net
14,,agkn.com
14,,akamaiedge.net
14,,almosafer.com
14,,amap.com
14,,amxdt.com
14,,att.com
14,,audiencerun.com
14,,audiencesquare.com
14,,azalead.com
14,,bcfads.com
14,,bestcpmnetwork.com
14,,broadstreetads.com
14,,bumq.com
14,,byethost11.com
14,,callreports.com
14,,cashfiesta.com
14,,casulodigital.com
14,,celebrus.com
14,,chitika.com
14,,clevergirlscollective.com
14,,cloudwp.io
14,,cnn.com
14,,coldcertainchannel.com
14,,concert.io
14,,converge-digital.com
14,,cpxinteractive.com
14,,crispwireless.com
14,,customerlabs.co
14,,dataxpand.com
14,,denakop.com
14,,digimedia.com
14,,digitru.st
14,,directwebsearch.net
14,,dpclk.com
14,,ea.com
14,,earnify.com
14,,easywbdesign.com
14,,ebay.com
14,,eimg.com
14,,everesttech.net
14,,exitbee.com
14,,extremereach.io
14,,firewallsupports.com
14,,fkref.com
14,,freecounterstat.com
14,,freehostia.com
14,,freetcp.com
14,,friendfinder.com
14,,gdvplanet.com
14,,geistm.com
14,,ggxt.net
14,,gm-it.consulting
14,,gogameportal.com
14,,gourmetads.com
14,,hmstats.com
14,,hpyrdr.com
14,,htmlpasta.com
14,,iberostar.com
14,,ibryte.com
14,,instanthq.com
14,,iqm.com
14,,kctag.net
14,,kupona.de
14,,leadbolt.net
14,,leadzupc.com
14,,lenovomm.com
14,,linux-dude.net
14,,lycos.com
14,,m4n.nl
14,,madcpms.com
14,,mcafee.com
14,,meizu.com
14,,microad-cn.com
14,,mrbonus.com
14,,mxapis.com
14,,mystats.nl
14,,nbrtrack.com
14,,net23.net
14,,netne.net
14,,nowspots.com
14,,nytimes.com
14,,onlinedownloads.org
14,,opecloud.com
14,,outpersonals.com
14,,paydotcom.com
14,,pc20160301.com
14,,performancerevenues.com
14,,privacy4browsers.com
14,,program3.com
14,,prooffactor.com
14,,qaykb.com
14,,qnotice.com
14,,r4nwdude.com
14,,rdtcdn.com
14,,regiedepub.com
14,,renren.com
14,,reson8.com
14,,revenue.net
14,,rhombusads.com
14,,rimainstalacoes.com
14,,rockyou.net
14,,rtxplatform.com
14,,rztrkr.com
14,,samsungads.com
14,,sexhit.com
14,,sexsearch.com
14,,showcasead.com
14,,site44.com
14,,site88.net
14,,sitelabweb.com
14,,smartconvert.co
14,,spacash.com
14,,stake7.com
14,,storage.googleapis.com
14,,stroeerdigitalmedia.de
14,,sub2tech.com
14,,system-ns.org
14,,tagcdn.com
14,,td573.com
14,,tercept.com
14,,thermofisher.com
14,,toggle.com
14,,tongqing2015.com
14,,topcpmnetwork.com
14,,tut.by
14,,u595sebqih.com
14,,u5e.com
14,,unifiedlayer.com
14,,validcheats.com
14,,vinnicrystal.com
14,,voiceofman.com
14,,w3hoster.de
14,,webmailer.de
14,,williamhill.com
14,,wisepops.com
14,,worldfilia.net
14,,wo.tc
14,,xaxis.com
14,,xhamster.com
14,,ximalaya.com
14,,xxx.com
14,,yr9n47004g.com
13,,01counter.com
13,,01net.com
13,,1apps.com
13,,1drv.com
13,,37wan.com
13,,69xiu.com
13,,a2dfp.net
13,,abnad.net
13,,acuityads.com
13,,ad20.net
13,,adabra.com
13,,adbutler.com
13,,adicate.com
13,,adinterax.com
13,,adj.st
13,,admantx.com
13,,adopexchange.com
13,,adpredictive.com
13,,adrcdn.com
13,,adsk2.co
13,,adslot.com
13,,adsrevenue.net
13,,adtomafusion.com
13,,adviad.com
13,,allfreecounter.com
13,,altrk.net
13,,amazontutoringcenter.com
13,,annengdl.com
13,,anstrex.com
13,,autoid.com
13,,azure.com
13,,b3z29k1uxb.com
13,,badshades.com
13,,bango.com
13,,bcloudhost.com
13,,behindcorona.com
13,,bellsyscdn.com
13,,bestfreecounterstat.com
13,,bigmining.com
13,,bitmedia.io
13,,bluecava.com
13,,blurelizer.com
13,,bouncex.com
13,,btrll.com
13,,byethost31.com
13,,callfire.com
13,,clicklinkredirect.com
13,,comxa.com
13,,contadorvisitasgratis.com
13,,contatoreaccessi.com
13,,cpmgatenetwork.com
13,,cr-nielsen.com
13,,debbiewilliamsrecordings.com
13,,deployads.com
13,,didtheyreadit.com
13,,emfrequency.com
13,,essaycoupons.com
13,,exactdrive.com
13,,findology.com
13,,flnet.org
13,,freedownloadsoft.net
13,,freewebsites.com
13,,frost-electric-supply.com
13,,g5e.com
13,,gamecity.net
13,,gameloft.com
13,,gamesrevenue.com
13,,geniusdisplay.com
13,,gmads.net
13,,goguardian.com
13,,gratuitfile.com
13,,hismarttv.com
13,,hyperlinksecure.com
13,,i2idata.com
13,,idealadvertising.net
13,,igexin.com
13,,immo-reseau.com
13,,inner-active.com
13,,inspectlet.com
13,,intel.com
13,,invoiceholderqq.com
13,,iol.io
13,,iplogger.com
13,,isasecret.com
13,,ivwbox.de
13,,jointreport-switch.com
13,,journaldunet.com
13,,kutsatsa.com
13,,levexis.com
13,,libstat.com
13,,loginfra.com
13,,lucidmedia.com
13,,lytics.io
13,,m0mentum.net
13,,machieved.com
13,,marketengines.com
13,,martiniadnetwork.com
13,,medianewsonline.com
13,,mediatraffic.com
13,,my3gb.com
13,,nedstatbasic.net
13,,netbroadcaster.com
13,,newjulads.com
13,,newmayads.com
13,,nfwebminer.com
13,,notify-service.com
13,,ntlab.org
13,,offerstrack.net
13,,onedmp.com
13,,onesafe-software.com
13,,orbitcycle.com
13,,oronsuuts.com
13,,outerinfo.com
13,,padsbrown.com
13,,parrable.com
13,,parse.ly
13,,pi-dns.com
13,,pinballpublishernetwork.com
13,,plavid.com
13,,pocketoption.com
13,,polluxnetwork.com
13,,pravoved.org
13,,predictiveresponse.net
13,,primosearch.com
13,,pubgenius.io
13,,pubguru.com
13,,pulseinsights.com
13,,raspdiets.com
13,,richmediastudio.com
13,,rocks.io
13,,roeye.com
13,,rr.com
13,,rubyfortune.com
13,,sarikiz.net
13,,sexidude.com
13,,sitebro.net
13,,sprintrade.com
13,,statcounterfree.com
13,,steelhouse.com
13,,steepto.com
13,,strpjmp.com
13,,tailsweep.com
13,,techtricksworld.com
13,,theadex.com
13,,thesocialsexnetwork.com
13,,thewhizmarketing.com
13,,track-server-100.com
13,,tr.gg
13,,tunnl.com
13,,tweakbit.com
13,,u21drwj6mp.com
13,,udmserve.net
13,,upscore.com
13,,userdive.com
13,,u-telcom.net
13,,visilabs.net
13,,vpico.com
13,,vtracy.de
13,,websponsors.com
13,,xrea.com
13,,xxxtoolbar.com
13,,yieldpass.com
13,,yourtrap.com
13,,yunshipei.com
13,,zantainet.com
13,,zarget.com
13,,zdbb.net
13,,zebestof.com
13,,zeerat.com
13,,zestardshop.com
12,,1phads.com
12,,24hstatic.com
12,,2fa-sec.com
12,,2faverify.com
12,,50bang.org
12,,51edm.net
12,,6sc.co
12,,9hz.com
12,,about.com
12,,acxiom-online.com
12,,adbooth.com
12,,adclickafrica.com
12,,adcy.net
12,,adgatemedia.com
12,,adincube.com
12,,adindex.de
12,,adkengage.com
12,,adklick.de
12,,adlink.de
12,,adlure.net
12,,admeta.com
12,,ads360.com
12,,adtriba.com
12,,advanseads.com
12,,affiliatelounge.com
12,,agcguide.com
12,,airdns.org
12,,alimama.com
12,,alleliteads.com
12,,almostmy.com
12,,alooma.com
12,,analyticson.com
12,,aosdelivery.com
12,,appjiagu.com
12,,aud3g.com
12,,audiens.com
12,,baburn.com
12,,badskies.com
12,,basenews7.com
12,,bearclod.com
12,,bidfluence.com
12,,bidvertiser.com
12,,bitstarz.com
12,,bittraffic.io
12,,bl0uxepb4o.com
12,,blahdns.com
12,,botscanner.com
12,,bpath.com
12,,braintb.com
12,,branch.io
12,,brightmountainmedia.com
12,,bugsnag.com
12,,cafe24.com
12,,carmanial.com
12,,chip.de
12,,cinemaden.com
12,,clickintext.com
12,,cliqz.com
12,,coefficy.com
12,,coinsup.com
12,,colossusssp.com
12,,construsouzaconstrucoes.com
12,,content-ad.net
12,,coralogix.com
12,,csgoblock.com
12,,dazhantai.com
12,,deepmetrix.com
12,,device9.com
12,,dizzcloud.com
12,,dns-look-up.com
12,,dotaki.com
12,,download-app.net
12,,duowan.com
12,,eclickz.com
12,,eegookiz.com
12,,ehealthcaresolutions.com
12,,ejurzsax.com
12,,email-match.com
12,,eqads.com
12,,erosvillage.com
12,,e-webtrack.net
12,,explorads.com
12,,flygame.io
12,,flywheelsites.com
12,,formalyzer.com
12,,freecoolhost.com
12,,globus-inter.com
12,,greystripe.com
12,,hackandcheats.org
12,,hardasses.com
12,,hibids10.com
12,,hilltopads.net
12,,hubrus.com
12,,iloacmoam.com
12,,imixserver.com
12,,indemandads.com
12,,iteratehq.com
12,,kampyle.com
12,,kilu.de
12,,krypt.com
12,,kt5850pjz0.com
12,,ladsdown.com
12,,layer-ads.de
12,,leadbi.com
12,,leaptrade.com
12,,learnstrong.org
12,,lflink.com
12,,lightversionhotel.com
12,,linkstorm.net
12,,livenetlife.com
12,,lypn.net
12,,madserving.com
12,,madsone.com
12,,mcontigo.com
12,,mfs.gg
12,,mobimagic.com
12,,motdgd.com
12,,motionspots.com
12,,motorolasolutions.com
12,,mparticle.com
12,,msads.net
12,,mydiscussion.net
12,,nate.com
12,,netau.net
12,,newsatads.com
12,,nile.works
12,,nmrodam.com
12,,nonstoppartner.de
12,,ocry.com
12,,odysseus-nua.com
12,,oix.net
12,,ongsono.com
12,,osdn.com
12,,pages05.net
12,,pg.com
12,,phathookups.com
12,,pictela.net
12,,pingdom.net
12,,piximedia.com
12,,pointillist.com
12,,porntracker.com
12,,powerlinks.com
12,,prfct.co
12,,ptp24.com
12,,pub-fit.com
12,,pussysaga.com
12,,qiyi.com
12,,ravelin.net
12,,reachforce.com
12,,reactx.com
12,,reciteme.com
12,,revenuedirect.com
12,,rivrai.com
12,,rocketyield.com
12,,rtbsuperhub.com
12,,ruimz.com
12,,sageanalyst.net
12,,sdo.com
12,,search123.com
12,,secureintl.com
12,,segment.com
12,,sellebrity.com
12,,severoindustrial.com
12,,shrinktheweb.com
12,,sk.ht
12,,sloi1.com
12,,smileycentral.com
12,,social-cheats.com
12,,spamblockerutility.com
12,,streamen.com
12,,studynerdz.com
12,,subsgifts.com
12,,sweetpacks.com
12,,synergy-e.com
12,,tagsrvcs.com
12,,tapnative.com
12,,tathamservice.com
12,,td563.com
12,,theagency.com
12,,theglobeandmail.com
12,,thethaofb88.com
12,,thrixxx.com
12,,thumblogger.com
12,,thursailso.com
12,,tonyzone.com
12,,topflownews.com
12,,topprofitablecpm.com
12,,tracot.com
12,,trafiz.net
12,,trix.net
12,,trktnc.com
12,,trumpia.com
12,,tyroo.com
12,,ukr-strah.com
12,,user-clicks.com
12,,validclick.com
12,,viglink.com
12,,vishou.net
12,,volument.com
12,,voodoo-ads.io
12,,vppgamingnetwork.com
12,,vrtcal.com
12,,warboardplace.com
12,,watch-video.net
12,,web-boosting.net
12,,websnest.com
12,,webvisor.com
12,,whservidor.com
12,,win888b.com
12,,wm-panel.com
12,,xg4ken.com
12,,xiyouence.com
12,,yellowblue.io
12,,yesmessenger.com
12,,youboranqs02.com
12,,znews-live.com
12,,ztgame.com
12,,zvideo-live.com
12,,zxxds.net
12,,zz.mu
11,,103092804.com
11,,1hwy.com
11,,41gw.com
11,,a2hosted.com
11,,acquisio.com
11,,adclear.de
11,,adcrowd.com
11,,addynamo.net
11,,adinplay.com
11,,adkmob.com
11,,adsdk.com
11,,adsparc.net
11,,adsushi.de
11,,adtrafficjam.com
11,,affiliation.software
11,,affiz.net
11,,aiclicash.com
11,,akavita.com
11,,allalla.com
11,,a-msedge.net
11,,appconsent.io
11,,appintop.com
11,,atspace.com
11,,authorizeddns.org
11,,awstaticdn.net
11,,bannerboo.com
11,,bayimob.com
11,,benefitsdepot.net
11,,bfast.com
11,,bigmir.net
11,,bigmobileads.com
11,,blogfa.com
11,,bluehost.com
11,,brznetwork.com
11,,byethost17.com
11,,cacafly.net
11,,cdnasiaclub.com
11,,cdnrl.com
11,,central-messages.com
11,,ceramicasouzatex.com
11,,championmachinery-cn.com
11,,channelvn.net
11,,chueca.com
11,,citrio.com
11,,classifieds1000.com
11,,clustrmaps.com
11,,coin-hive.com
11,,comcastbusiness.net
11,,company-target.com
11,,condenastdigital.com
11,,conversionfly.com
11,,cool4mob.com
11,,cpmrevenuenetwork.com
11,,creafi-online-media.com
11,,crossandgarlic.com
11,,cryptobara.com
11,,databerries.com
11,,didit.com
11,,direction-x.com
11,,dnsabr.com
11,,dnsrd.com
11,,doceree.com
11,,dogexfast.com
11,,drsnsrch.com
11,,dynainbox.com
11,,ebdr3.com
11,,ecpms.net
11,,elementsbrowser.com
11,,elitegamershub.com
11,,esellerate.net
11,,exelate.com
11,,experthealth.com
11,,filesusr.com
11,,firebase.com
11,,freelancershijan.com
11,,freenew.net
11,,freewheel.com
11,,frequiry.com
11,,fres-news.com
11,,gamesoxalic.com
11,,geobytes.com
11,,getpublica.com
11,,goprediction.com
11,,gorselpanel.com
11,,got-game.org
11,,gyro-n.com
11,,hack2day.com
11,,hao61.net
11,,hit-parade.com
11,,https443.net
11,,hubvisor.io
11,,hulu.com
11,,id-safety.co
11,,ig0nr8hhhb.com
11,,imgsniper.com
11,,inethoster.org
11,,inistrack.net
11,,intermarkets.net
11,,jiankongbao.com
11,,kmspico10.com
11,,kontextua.com
11,,koowo.com
11,,ksosoft.com
11,,leadin.com
11,,leafmedia.io
11,,leakbay.net
11,,lexozfldkklgvc.com
11,,lumitos.com
11,,luxupcdna.com
11,,maessocrsi.com
11,,mafe.edu.co
11,,magnetic.com
11,,makingdomes.com
11,,marketscore.com
11,,marsflag.com
11,,mdotlabs.com
11,,megasliv.com
11,,meibu.net
11,,metaps.net
11,,minerjet.com
11,,mixtraff.com
11,,mmnneo.com
11,,mmotraffic.com
11,,mobilda.com
11,,motigo.com
11,,mousestats.com
11,,mppmnetwork.com
11,,mrslove.com
11,,mspaceads.com
11,,m-t.io
11,,mtqys.com
11,,myftpupload.com
11,,mynativeads.com
11,,mystagingwebsite.com
11,,nba.com
11,,netapp.com
11,,netdna-ssl.com
11,,net-filter.com
11,,newaprads.com
11,,news-back.org
11,,newsinform.net
11,,new-year-packages.com
11,,nextmillennium.io
11,,nextyourcontent.com
11,,oblyapp.com
11,,ocxxx.com
11,,opbeingop.com
11,,optad360.com
11,,oracleinfinity.io
11,,otaserve.net
11,,oxcash.com
11,,pacificpoker.com
11,,paydemic.com
11,,pepperjam.com
11,,permato.com
11,,pornsponsors.com
11,,pulpix.com
11,,readserver.net
11,,relap.io
11,,revcatch.com
11,,revenuemantra.com
11,,rx-medical.com
11,,sagetrc.com
11,,securitytrfx.com
11,,securityupdateserver-1.com
11,,seedr.com
11,,seitwert.de
11,,sellpoint.net
11,,servicetick.com
11,,sexystat.com
11,,shopalyst.com
11,,sitestats.com
11,,smartclip-services.com
11,,smrtlnks.com
11,,snapchat.com
11,,soclosebutyetqq.com
11,,sportradar.com
11,,sskzlabs.com
11,,startappexchange.com
11,,stat-rock.com
11,,stylesforless.com
11,,surfearner.com
11,,swfstats.com
11,,synergyscience.com
11,,sysomos.com
11,,tbccint.com
11,,temelio.com
11,,theseoffersforyou.com
11,,thinktarget.com
11,,thisisitsqq.com
11,,tiankongzudui.com
11,,tibsystems.com
11,,tingyun.com
11,,tmmp.io
11,,tokovio.com
11,,top10sites.com
11,,totemcash.com
11,,tracelytics.com
11,,trackpush.com
11,,traffic2bitcoin.com
11,,triggit.com
11,,ttnrd.com
11,,tumabeni.com
11,,ueuo.com
11,,utraff.com
11,,veeseo.com
11,,viighj.com
11,,virtuagirl.com
11,,visitweb.com
11,,vzzylo.com
11,,walmart.com
11,,webminerpool.com
11,,webstat.com
11,,webwise.org
11,,yandex.com.tr
11,,yellowsquarebooks.com
11,,zcoup.com
11,,zergnet.com
11,,znaptag.com
11,,zumobi.com
10,,000space.com
10,,21sexturycash.com
10,,3ddown.com
10,,3gmimo.com
10,,7search.com
10,,8live.com
10,,9wee.com
10,,ab1n.net
10,,ablida.net
10,,about-tabs.com
10,,adalizer.com
10,,adatrix.com
10,,adclixx.net
10,,adfinix.com
10,,adfonic.net
10,,adip.ly
10,,admedo.com
10,,ad.net
10,,adnet-plus.com
10,,adprofy.com
10,,ad-serverparc.nl
10,,adsoptimal.com
10,,ads-pixiv.net
10,,adstage.io
10,,ad-tizer.net
10,,adurr.com
10,,advertwizard.com
10,,adxmi.com
10,,adxpremium.services
10,,adxpub.com
10,,afrigrowth.org
10,,agilemeasure.com
10,,akamaitech.net
10,,alexametrics.com
10,,allfontshere.press
10,,amplitude.com
10,,analytics-egain.com
10,,andase.com
10,,appsgeyser.com
10,,atelierasmeninas.com
10,,atomhike.com
10,,audience2media.com
10,,badspads.com
10,,baixing.com
10,,bannerout.com
10,,bd4travel.com
10,,beanstalkdata.com
10,,belowto.com
10,,best2018games.com
10,,blindamorares.com
10,,bloghotro.com
10,,bloke.com
10,,bm324.com
10,,bnserving.com
10,,brightcom.com
10,,brightfunnel.com
10,,brightinfo.com
10,,brokerbabe.com
10,,btnibbler.com
10,,buildtraffic.com
10,,byethost8.com
10,,cabanova.com
10,,cashburners.com
10,,cashmyvisit.com
10,,caspion.com
10,,ca.tt
10,,cdn-pak.net
10,,cetrk.com
10,,chartbeat.com
10,,cheekybanners.com
10,,china.com
10,,china-netwave.com
10,,ciuvo.com
10,,cleanfile.org
10,,clickaine.com
10,,clickening.com
10,,clickexperts.net
10,,clickguard.com
10,,clickpapa.com
10,,cloudappconfig.com
10,,contactmonkey.com
10,,coremetrics.com
10,,covidharsh.com
10,,cryptonoter.com
10,,cryptotab.net
10,,csheaven.com
10,,cxa.de
10,,cyacc.com
10,,ddns.ms
10,,deliverimp.com
10,,dgmatix.com
10,,dh956.com
10,,diamondtraff.com
10,,digitalnames.net
10,,disqus.com
10,,divyapushti.org
10,,dmm.com
10,,dochase.com
10,,dogeminers.com
10,,douglassstevens.com
10,,dpmsrv.com
10,,economicoutlook.net
10,,elephantdata.net
10,,eorezo.com
10,,epicgamecheats.com
10,,espmp-nifr.net
10,,etrality.com
10,,eu5.org
10,,euro-clic.com
10,,eurodialer.com
10,,everestads.net
10,,evidon.com
10,,facebook1mob.com
10,,fhserve.com
10,,filetarget.net
10,,flonto.com
10,,forbes.com
10,,fortvision.com
10,,freeasphost.net
10,,ftvcash.com
10,,fun2cell.net
10,,fwbntw.com
10,,geolocation-db.com
10,,getintent.com
10,,getsmartcontent.com
10,,glasgro.com
10,,globalhacks.org
10,,globo.com
10,,gnway.net
10,,gopetrom.com
10,,gostats.org
10,,gunggo.com
10,,gxwztv.com
10,,hexcan.com
10,,hiconversion.com
10,,himediads.com
10,,hindustanfiltech.com
10,,hoelscher1.com
10,,hubpd.com
10,,hyperadx.com
10,,hyperpromote.com
10,,i2iserv.com
10,,iap5u1rbety6vifaxsi9vovnc9jjay2l.com
10,,iciba.com
10,,ieplugin.com
10,,indexww.com
10,,infoprodata.com
10,,infostore.org
10,,innity.net
10,,interclick.com
10,,intuit.com
10,,inviziads.com
10,,iogous.com
10,,itracker360.com
10,,ixigua.com
10,,jiehunmishu.com
10,,jivox.com
10,,kkcaicai.com
10,,ktxtr.com
10,,kuaishou.com
10,,ladsblue.com
10,,leadsius.com
10,,linuxuatwebspiders.com
10,,loginhood.io
10,,lsfinteractive.com
10,,lucky88.net
10,,luxupadva.com
10,,luxupcdnb.com
10,,lws-hosting.com
10,,lzclient.com
10,,lzjl.com
10,,mawaqaademo3.com
10,,maxthon.com
10,,meconnect.org
10,,media-match.com
10,,media-servers.net
10,,mehmetkucukgoz.com
10,,metricool.com
10,,microadinc.com
10,,minerclaim.net
10,,mixplugin.com
10,,mng-ads.com
10,,mobilizr.com
10,,mobshark.net
10,,moengage.com
10,,moneyandmarkets.com
10,,moonify.io
10,,mql5.com
10,,murdoog.com
10,,my03.com
10,,myjizztube.com
10,,mynumber.org
10,,myornamenti.com
10,,nearbyad.com
10,,nitropay.com
10,,nowlooking.net
10,,nsatc.net
10,,oix.com
10,,onetag-sys.com
10,,osiaffiliate.com
10,,oui.sncf
10,,pagesense.io
10,,pangolin-sdk-toutiao.com
10,,parisvoyeur.com
10,,peraltek.com
10,,pffw8mgd.com
10,,pgs.io
10,,pgssl.com
10,,phluant.com
10,,phorm.com
10,,plerdy.com
10,,populisengage.com
10,,porntrack.com
10,,ppoi.org
10,,proadscdn.com
10,,proext.com
10,,programattik.com
10,,provesrc.com
10,,proxydns.com
10,,pubdream.com
10,,publicgood.com
10,,pubplus.com
10,,putrr15.com
10,,qfind.net
10,,qmkr7isp3o.com
10,,ragnortheblue.com
10,,refinedads.com
10,,revenuenetwork.com
10,,r-tb.com
10,,rtbiq.com
10,,rumahweb.org
10,,runative.com
10,,sakura-traffic.com
10,,savvyads.com
10,,schibsted.com
10,,searchalot.com
10,,segmentapis.com
10,,semiocast.com
10,,shoppingminds.net
10,,signaturesafari.com
10,,software-phile.com
10,,spinbox.net
10,,spottt.com
10,,ssacdn.com
10,,standby.org
10,,startnow.com
10,,statistichegratis.net
10,,switchads.com
10,,t3nlink.com
10,,tagular.com
10,,tovery.net
10,,tracking202.com
10,,trackmytarget.com
10,,trafficmanager.net
10,,transactionale.com
10,,truecash.com
10,,tsbluebox.com
10,,tsyndicate.com
10,,tuccus.com
10,,tv69.com
10,,typekit.net
10,,ubertags.com
10,,uk.ht
10,,unblockyoutuber.com
10,,unimhk.com
10,,uniquecaptcha.com
10,,upsight-api.com
10,,user-api.com
10,,vdna-assets.com
10,,vidileak.com
10,,visioncriticalpanels.com
10,,visistat.com
10,,vlitag.com
10,,vprza.com
10,,w88club.com
10,,watchingthat.com
10,,web.de
10,,weborama.io
10,,webserviceaward.com
10,,websiteseguro.com
10,,webwise.com
10,,webwise.net
10,,whizzco.com
10,,winadx.com
10,,woniu.com
10,,wordego.com
10,,xdirectx.com
10,,xxxl-cash.net
10,,xywdvhd.com
10,,xz6d.com
10,,yieldkit.com
10,,ymtracking.com
10,,yoocafe.com
10,,ytdownloader.com
10,,yupfiles.net
10,,zeobit.com
10,,zzbaowen.com
